Hunt Code,Unit/Description,Bag,Licenses,1st_choice_total_submissions,2nd_choice_total_submissions,3rd_choice_total_submissions,Total_all_submissions,1st_resident,2nd_resident,3rd_resident,Total_resident,1st_nonresident,2nd_nonresident,3rd_nonresident,Total_nonresident,1st_outfitter,2nd_outfitter,3rd_outfitter,Total_outfitter,Resident_successfull_draw_total,Nonresident_successfull_draw_total,Outiftter_successfull_draw_total,Total_drawn,Resident_percentage_allocation,nonresident_percentage_allocation,outfitter_percentage_allocation,total_allocation_of_available_tags,resident_1st_success,resident_2nd_success,resident_3rd_success,resident_4th_success,resident_total_success,nonresident_1st_success,nonresident_2nd_success,nonresident_3rd_success,nonresident_4th_success,nonresident_total_success,outfitter_1st_success,outfitter_2nd_success,outfitter_3rd_success,outfitter_4th_success,outfitter_total_success
DER-1-100,Unit 2A: youth only,FAD,25,64,62,64,190,63,54,53,170,1,6,11,18,0,2,0,2,23,2,0,25,92,8,0,100,18,4,1,0,23,0,2,0,0,2,0,0,0,0,0
DER-1-101,Unit 2A,FAD,150,491,444,616,1551,445,402,550,1397,45,36,58,139,1,6,8,15,130,9,11,150,86.67,6,7.33,100,79,25,26,0,130,2,4,3,0,9,1,6,4,0,11
DER-1-102,Unit 2A: private land only,FAD,40,17,1,8,26,14,1,8,23,3,0,0,3,0,0,0,0,17,3,0,20,42.5,7.5,0,50,14,1,2,0,17,3,0,0,0,3,0,0,0,0,0
DER-1-103,Unit 2A: youth only,FAD,15,97,220,161,478,71,135,113,319,23,74,36,133,3,11,12,26,13,1,1,15,86.67,6.67,6.66,100,5,5,3,0,13,0,1,0,0,1,0,0,1,0,1
DER-1-110,Unit 2B,FAD,275,1249,908,1060,3217,1150,794,921,2865,93,97,120,310,6,17,19,42,236,17,22,275,85.82,6.18,8,100,176,43,17,0,236,3,8,6,0,17,6,11,5,0,22
DER-1-111,Unit 2B: youth only,FAD,125,301,210,142,653,276,180,132,588,19,24,6,49,6,6,4,16,105,8,12,125,84,6.4,9.6,100,58,27,20,0,105,6,2,0,0,8,5,4,3,0,12
DER-1-112,Unit 2B: private land only,FAD,25,1,6,9,16,1,5,9,15,0,1,0,1,0,0,0,0,5,1,0,6,20,4,0,24,1,0,4,0,5,0,1,0,0,1,0,0,0,0,0
DER-1-113,Unit 2B,FAD,350,1029,2144,1177,4350,882,1861,950,3693,135,231,185,551,12,52,42,106,294,21,35,350,84,6,10,100,114,142,38,0,294,6,6,9,0,21,3,17,15,0,35
DER-1-114,Unit 2B: private land only,FAD,25,4,11,4,19,2,6,4,12,2,5,0,7,0,0,0,0,4,7,0,11,16,28,0,44,2,2,0,0,4,2,5,0,0,7,0,0,0,0,0
DER-1-115,Unit 2B,FAD,400,3612,2516,2069,8197,2901,1949,1569,6419,547,423,327,1297,164,144,173,481,336,24,40,400,84,6,10,100,243,71,22,0,336,12,7,5,0,24,15,13,12,0,40
DER-1-116,Unit 2B: private land only,FAD,75,28,6,19,53,19,2,10,31,9,4,1,14,0,0,8,8,29,14,7,50,38.67,18.67,9.33,66.67,19,1,9,0,29,9,4,1,0,14,0,0,7,0,7
DER-1-117,Unit 2B: youth only,FAD,25,1500,591,260,2351,875,404,189,1468,326,87,40,453,299,100,31,430,21,1,3,25,84,4,12,100,20,1,0,0,21,1,0,0,0,1,2,0,1,0,3
DER-1-127,Unit 2C,FAD,30,6836,1564,1095,9495,2276,1029,846,4151,2496,360,148,3004,2064,175,101,2340,26,1,3,30,86.67,3.33,10,100,23,3,0,0,26,0,1,0,0,1,3,0,0,0,3
DER-1-128,Unit 2C: private land only,FAD,8,15,4,6,25,13,4,6,23,2,0,0,2,0,0,0,0,8,0,0,8,100,0,0,100,6,0,2,0,8,0,0,0,0,0,0,0,0,0,0
DER-1-133,Unit 4: Humphries/Rio Chama/Sargent WMAs only,FAD,20,305,147,162,614,302,146,162,610,0,0,0,0,3,1,0,4,18,0,2,20,90,0,10,100,14,4,0,0,18,0,0,0,0,0,1,1,0,0,2
DER-1-134,"Unit 4: Humphries/Rio Chama/Sargent WMAs only, youth only",FAD,10,45,56,35,136,44,56,34,134,0,0,0,0,1,0,1,2,9,0,1,10,90,0,10,100,5,4,0,0,9,0,0,0,0,0,1,0,0,0,1
DER-1-135,Unit 4: private land only,FAD,175,119,37,74,230,62,27,71,160,43,9,3,55,14,1,0,15,83,47,14,144,47.43,26.86,8,82.29,62,10,11,0,83,43,2,2,0,47,14,0,0,0,14
DER-1-136,Unit 4: Humphries/Rio Chama/Sargent WMAs only,FAD,20,178,249,152,579,177,246,152,575,0,0,0,0,1,3,0,4,18,0,2,20,90,0,10,100,14,3,1,0,18,0,0,0,0,0,0,2,0,0,2
DER-1-137,Unit 4: private land only,FAD,175,96,105,36,237,56,91,34,181,27,14,1,42,13,0,1,14,137,25,13,175,78.29,14.28,7.43,100,56,58,23,0,137,24,1,0,0,25,13,0,0,0,13
DER-1-138,Unit 4: Humphries/Rio Chama/Sargent WMAs only,FAD,10,307,262,265,834,302,259,264,825,0,0,0,0,5,3,1,9,9,0,1,10,90,0,10,100,8,1,0,0,9,0,0,0,0,0,1,0,0,0,1
DER-1-139,Unit 4: private land only,FAD,10,116,33,36,185,108,33,35,176,4,0,1,5,4,0,0,4,9,0,1,10,90,0,10,100,9,0,0,0,9,0,0,0,0,0,1,0,0,0,1
DER-1-140,"Unit 4: Humphries/Rio Chama/Sargent WMAs only, youth only",FAD,5,183,129,88,400,183,128,87,398,0,0,0,0,0,1,1,2,5,0,0,5,100,0,0,100,5,0,0,0,5,0,0,0,0,0,0,0,0,0,0
DER-1-144,Unit 5A: public land only,FAD,40,203,206,239,648,190,188,194,572,12,14,19,45,1,4,26,31,34,2,4,40,85,5,10,100,17,7,10,0,34,0,1,1,0,2,0,0,4,0,4
DER-1-145,Unit 5A: private land only,FAD,220,127,3,12,142,64,2,12,78,59,1,0,60,4,0,0,4,77,60,4,141,35,27.27,1.82,64.09,64,1,12,0,77,59,1,0,0,60,4,0,0,0,4
DER-1-150,Unit 5B,FAD,30,1880,3392,1072,6344,1377,1172,767,3316,394,1580,201,2175,109,640,104,853,26,1,3,30,86.67,3.33,10,100,22,4,0,0,26,0,1,0,0,1,0,3,0,0,3
DER-1-151,Unit 5B: youth only,FAD,10,438,407,176,1021,344,255,144,743,12,10,4,26,82,142,28,252,9,0,1,10,90,0,10,100,8,0,1,0,9,0,0,0,0,0,1,0,0,0,1
DER-1-154,Units 6A and 6C: mobility impaired only,FAD,20,131,63,39,233,120,62,36,218,4,0,2,6,7,1,1,9,17,1,2,20,85,5,10,100,13,3,1,0,17,1,0,0,0,1,2,0,0,0,2
DER-1-155,Units 6A and 6C,FAD,110,2266,2008,1599,5873,2092,1838,1445,5375,117,103,108,328,57,67,46,170,93,6,11,110,84.55,5.45,10,100,73,20,0,0,93,5,0,1,0,6,4,4,3,0,11
DER-1-158,Unit 7,FAD,30,259,634,646,1539,205,300,347,852,36,64,99,199,18,270,200,488,26,1,3,30,86.67,3.33,10,100,16,7,3,0,26,0,0,1,0,1,1,0,2,0,3
DER-1-164,"Unit 9, including Water Canyon WMA",FAD,15,196,140,155,491,194,134,151,479,1,5,4,10,1,1,0,2,13,1,1,15,86.67,6.67,6.66,100,12,1,0,0,13,0,0,1,0,1,0,1,0,0,1
DER-1-165,Unit 9: Marquez/LBar WMAs only,FAD,10,112,96,76,284,112,96,75,283,0,0,0,0,0,0,1,1,9,0,1,10,90,0,10,100,4,4,1,0,9,0,0,0,0,0,0,0,1,0,1
DER-1-166,"Unit 9, including Water Canyon WMA: youth only",FAD,10,49,43,45,137,47,43,43,133,0,0,0,0,2,0,2,4,9,0,1,10,90,0,10,100,7,1,1,0,9,0,0,0,0,0,0,0,1,0,1
DER-1-170,Unit 10: mobility impaired only,FAD,20,41,25,22,88,41,24,22,87,0,1,0,1,0,0,0,0,19,1,0,20,95,5,0,100,12,3,4,0,19,0,1,0,0,1,0,0,0,0,0
DER-1-171,Unit 10,FAD,70,531,326,294,1151,513,305,281,1099,17,18,12,47,1,3,1,5,64,4,2,70,91.43,5.71,2.86,100,56,8,0,0,64,3,1,0,0,4,1,1,0,0,2
DER-1-172,Unit 10,FAD,65,108,504,289,901,101,487,281,869,7,16,7,30,0,1,1,2,61,4,0,65,93.85,6.15,0,100,16,39,6,0,61,2,1,1,0,4,0,0,0,0,0
DER-1-173,Unit 10,FAD,90,242,315,538,1095,232,306,513,1051,10,9,23,42,0,0,2,2,84,5,1,90,93.33,5.56,1.11,100,46,22,16,0,84,3,0,2,0,5,0,0,1,0,1
DER-1-174,Unit 10: youth only,FAD,25,76,57,52,185,75,53,51,179,1,4,1,6,0,0,0,0,23,2,0,25,92,8,0,100,9,8,6,0,23,0,2,0,0,2,0,0,0,0,0
DER-1-177,Unit 12,FAD,85,197,146,181,524,151,131,159,441,28,14,16,58,18,1,6,25,72,5,8,85,84.71,5.88,9.41,100,40,22,10,0,72,5,0,0,0,5,8,0,0,0,8
DER-1-180,Unit 13,FAD,150,634,619,677,1930,620,588,630,1838,12,26,34,72,2,5,13,20,129,9,12,150,86,6,8,100,104,14,11,0,129,2,3,4,0,9,2,3,7,0,12
DER-1-181,Unit 13,FAD,150,234,603,581,1418,220,575,530,1325,12,22,43,77,2,6,8,16,130,9,11,150,86.67,6,7.33,100,44,60,26,0,130,3,1,5,0,9,2,5,4,0,11
DER-1-182,Unit 13: youth only,FAD,50,87,130,153,370,83,123,139,345,2,5,5,12,2,2,9,13,42,3,5,50,84,6,10,100,19,13,10,0,42,1,2,0,0,3,2,1,2,0,5
DER-1-186,Unit 14,FAD,55,1194,710,475,2379,1142,653,438,2233,32,27,27,86,20,30,10,60,47,3,5,55,85.45,5.46,9.09,100,46,1,0,0,47,0,2,1,0,3,1,3,1,0,5
DER-1-194,Unit 16,FAD,300,1451,1119,998,3568,1261,970,897,3128,165,112,70,347,25,37,31,93,252,18,30,300,84,6,10,100,185,53,14,0,252,15,2,1,0,18,17,9,4,0,30
DER-1-195,Unit 16: mobility impaired only,FAD,25,65,38,32,135,62,35,32,129,2,1,0,3,1,2,0,3,21,2,2,25,84,8,8,100,13,5,3,0,21,2,0,0,0,2,0,2,0,0,2
DER-1-196,Unit 16,FAD,300,536,1158,901,2595,401,982,778,2161,108,137,86,331,27,39,37,103,252,18,30,300,84,6,10,100,107,115,30,0,252,14,2,2,0,18,11,13,6,0,30
DER-1-197,Unit 16: youth only,FAD,100,135,176,244,555,121,161,218,500,12,12,11,35,2,3,15,20,84,6,10,100,84,6,10,100,41,28,15,0,84,5,1,0,0,6,2,1,7,0,10
DER-1-201,Unit 17,FAD,80,1350,1020,884,3254,1190,919,814,2923,107,63,53,223,53,38,17,108,68,4,8,80,85,5,10,100,60,8,0,0,68,1,2,1,0,4,6,2,0,0,8
DER-1-202,Unit 17,FAD,80,437,1090,753,2280,370,935,643,1948,48,101,71,220,19,54,39,112,68,4,8,80,85,5,10,100,36,26,6,0,68,0,0,4,0,4,3,2,3,0,8
DER-1-203,Unit 17: youth only,FAD,80,278,310,287,875,247,248,227,722,16,35,34,85,15,27,26,68,68,4,8,80,85,5,10,100,33,27,8,0,68,0,3,1,0,4,1,1,6,0,8
DER-1-207,Unit 18,FAD,70,254,313,295,862,239,299,268,806,10,13,15,38,5,1,12,18,59,4,7,70,84.29,5.71,10,100,41,12,6,0,59,0,1,3,0,4,1,0,6,0,7
DER-1-208,Unit 18,FAD,70,70,277,269,616,60,250,255,565,8,19,13,40,2,8,1,11,59,4,7,70,84.29,5.71,10,100,11,27,21,0,59,3,1,0,0,4,2,4,1,0,7
DER-1-212,Unit 19: White Sands missile range only ,FAD,5,115,91,42,248,114,90,40,244,1,0,2,3,0,1,0,1,5,0,0,5,100,0,0,100,4,1,0,0,5,0,0,0,0,0,0,0,0,0,0
DER-1-213,Unit 19: White Sands missile range only,FAD,5,161,134,90,385,158,134,90,382,2,0,0,2,1,0,0,1,5,0,0,5,100,0,0,100,5,0,0,0,5,0,0,0,0,0,0,0,0,0,0
DER-1-216,Unit 20,FAD,90,452,303,372,1127,414,279,352,1045,26,18,14,58,12,6,6,24,76,5,9,90,84.44,5.56,10,100,61,7,8,0,76,5,0,0,0,5,4,5,0,0,9
DER-1-217,Unit 20,FAD,90,99,372,259,730,86,335,234,655,7,25,15,47,6,12,10,28,76,5,9,90,84.44,5.56,10,100,20,45,11,0,76,0,3,2,0,5,1,5,3,0,9
DER-1-221,Unit 21,FAD,425,822,713,843,2378,748,637,760,2145,60,65,63,188,14,11,20,45,364,26,35,425,85.64,6.12,8.24,100,220,73,71,0,364,18,6,2,0,26,14,7,14,0,35
DER-1-222,Unit 21,FAD,425,280,711,621,1612,237,626,558,1421,37,70,42,149,6,15,21,42,388,26,11,425,91.29,6.12,2.59,100,145,131,112,0,388,9,12,5,0,26,6,3,2,0,11
DER-1-223,Unit 21: youth only,FAD,100,61,128,165,354,59,116,159,334,1,7,2,10,1,5,4,10,90,6,4,100,90,6,4,100,19,44,27,0,90,1,5,0,0,6,1,0,3,0,4
DER-1-227,Unit 21,FAWTD,25,79,76,153,308,55,52,125,232,18,16,16,50,6,8,12,26,21,2,2,25,84,8,8,100,17,2,2,0,21,1,1,0,0,2,1,1,0,0,2
DER-1-228,Unit 22,FAD,70,143,133,168,444,94,105,140,339,35,18,23,76,14,10,5,29,59,4,7,70,84.29,5.71,10,100,36,13,10,0,59,3,1,0,0,4,5,1,1,0,7
DER-1-229,Unit 22,FAD,70,44,127,136,307,29,81,87,197,7,35,36,78,8,11,13,32,59,4,7,70,84.29,5.71,10,100,16,26,17,0,59,2,2,0,0,4,5,2,0,0,7
DER-1-230,Unit 22: youth only,FAD,20,7,13,22,42,6,12,18,36,1,1,4,6,0,0,0,0,19,1,0,20,95,5,0,100,2,7,10,0,19,1,0,0,0,1,0,0,0,0,0
DER-1-234,Unit 23: except Burro mountains hunt area,FAMD,450,608,519,547,1674,485,426,460,1371,115,87,78,280,8,6,9,23,406,27,17,450,90.22,6,3.78,100,246,96,64,0,406,20,3,4,0,27,8,4,5,0,17
DER-1-235,Unit 23: except Burro mountains hunt area,FAMD,450,171,526,382,1079,116,402,322,840,49,113,58,220,6,11,2,19,414,27,9,450,92,6,2,100,99,196,119,0,414,13,7,7,0,27,6,2,1,0,9
DER-1-236,Unit 23: except Burro mountains hunt area,FAWTD,100,142,242,195,579,102,146,132,380,36,77,52,165,4,19,11,34,84,6,10,100,84,6,10,100,45,31,8,0,84,2,4,0,0,6,0,7,3,0,10
DER-1-237,Unit 23: except Burro mountains hunt area,FAWTD,55,170,292,199,661,92,134,83,309,60,111,74,245,18,47,42,107,47,3,5,55,85.45,5.46,9.09,100,24,18,5,0,47,1,2,0,0,3,1,2,2,0,5
DER-1-238,"Unit 23: except Burro mountains hunt area, youth only",FAD,75,58,100,130,288,46,74,101,221,12,19,20,51,0,7,9,16,63,5,7,75,84,6.67,9.33,100,23,16,24,0,63,1,2,2,0,5,0,5,2,0,7
DER-1-245,Unit 23: Burro mountains hunt area only,FAMD,35,473,258,306,1037,402,178,241,821,45,27,43,115,26,53,22,101,30,2,3,35,85.71,5.72,8.57,100,29,1,0,0,30,2,0,0,0,2,2,0,1,0,3
DER-1-246,Unit 23: Burro mountains hunt area only,FAWTD,40,507,342,287,1136,243,183,134,560,167,115,90,372,97,44,63,204,34,2,4,40,85,5,10,100,31,3,0,0,34,1,0,1,0,2,3,0,1,0,4
DER-1-247,"Unit 23: Burro mountains hunt area only, youth only",FAD,25,162,181,136,479,123,116,85,324,22,35,27,84,17,30,24,71,21,2,2,25,84,8,8,100,16,5,0,0,21,1,1,0,0,2,2,0,0,0,2
DER-1-253,Unit 24: including Fort Bayard,FAD,50,173,89,58,320,172,84,49,305,1,4,7,12,0,1,2,3,44,3,3,50,88,6,6,100,36,7,1,0,44,1,2,0,0,3,0,1,2,0,3
DER-1-254,Unit 24: excluding Fort Bayard ,FAMD,400,599,415,517,1531,536,373,453,1362,56,39,54,149,7,3,10,20,364,24,12,400,91,6,3,100,240,74,50,0,364,16,2,6,0,24,7,2,3,0,12
DER-1-255,Unit 24: excluding Fort Bayard ,FAMD,400,145,512,389,1046,114,466,307,887,28,45,76,149,3,1,6,10,373,24,3,400,93.25,6,0.75,100,91,175,107,0,373,16,4,4,0,24,3,0,0,0,3
DER-1-256,Unit 24: excluding Fort Bayard ,FAWTD,100,85,133,218,436,49,88,150,287,31,33,58,122,5,12,10,27,84,6,10,100,84,6,10,100,29,24,31,0,84,2,3,1,0,6,4,4,2,0,10
DER-1-257,"Unit 24: including Fort Bayard, youth only",FAD,50,64,160,134,358,62,146,99,307,0,5,17,22,2,9,18,29,42,3,5,50,84,6,10,100,15,22,5,0,42,0,2,1,0,3,0,3,2,0,5
DER-1-258,Unit 24: excluding Fort Bayard ,FAWTD,50,134,162,233,529,76,93,117,286,43,56,76,175,15,13,40,68,42,3,5,50,84,6,10,100,26,9,7,0,42,1,0,2,0,3,1,1,3,0,5
DER-1-265,Unit 25,FAD,100,319,190,180,689,299,174,165,638,18,16,15,49,2,0,0,2,92,6,2,100,92,6,2,100,77,9,6,0,92,5,1,0,0,6,2,0,0,0,2
DER-1-266,Unit 25,FAD,100,68,232,148,448,55,221,136,412,13,11,12,36,0,0,0,0,94,6,0,100,94,6,0,100,26,53,15,0,94,4,1,1,0,6,0,0,0,0,0
DER-1-270,Unit 26,FAD,100,140,117,160,417,117,108,141,366,21,8,18,47,2,1,1,4,92,6,2,100,92,6,2,100,51,22,19,0,92,5,1,0,0,6,2,0,0,0,2
DER-1-271,Unit 26,FAD,100,55,102,111,268,49,86,86,221,2,16,20,38,4,0,5,9,87,6,7,100,87,6,7,100,36,26,25,0,87,0,1,5,0,6,4,0,3,0,7
DER-1-275,Unit 26,FAWTD,25,42,38,45,125,23,27,29,79,18,11,13,42,1,0,3,4,21,2,2,25,84,8,8,100,14,3,4,0,21,1,0,1,0,2,1,0,1,0,2
DER-1-276,Unit 27,FAMD,50,103,100,111,314,85,83,82,250,14,15,24,53,4,2,5,11,42,3,5,50,84,6,10,100,25,7,10,0,42,2,1,0,0,3,1,2,2,0,5
DER-1-277,Unit 27,FAMD,50,40,81,77,198,31,62,58,151,7,19,17,43,2,0,2,4,44,3,3,50,88,6,6,100,21,15,8,0,44,1,2,0,0,3,2,0,1,0,3
DER-1-278,Unit 27,FAWTD,40,166,185,168,519,115,101,78,294,41,64,54,159,10,20,36,66,34,2,4,40,85,5,10,100,19,11,4,0,34,1,1,0,0,2,0,1,3,0,4
DER-1-279,Unit 27: youth only,FAD,25,42,54,48,144,26,29,30,85,11,17,12,40,5,8,6,19,21,2,2,25,84,8,8,100,12,6,3,0,21,1,0,1,0,2,0,1,1,0,2
DER-1-280,Unit 27,FAWTD,25,300,278,197,775,127,107,74,308,145,127,99,371,28,44,24,96,21,2,2,25,84,8,8,100,17,4,0,0,21,2,0,0,0,2,0,1,1,0,2
DER-1-287,Unit 28: McGregor range only,FAD,25,219,132,115,466,176,92,90,358,31,31,22,84,12,9,3,24,21,1,3,25,84,4,12,100,11,8,2,0,21,1,0,0,0,1,1,2,0,0,3
DER-1-288,"Unit 28: McGregor range only, military only",FAD,25,60,17,8,85,32,6,6,44,28,9,2,39,0,2,0,2,21,2,2,25,84,8,8,100,20,1,0,0,21,1,0,1,0,2,0,2,0,0,2
DER-1-289,Unit 29,FAD,150,92,89,155,336,75,77,128,280,15,12,26,53,2,0,1,3,139,9,2,150,92.67,6,1.33,100,61,33,45,0,139,6,0,3,0,9,2,0,0,0,2
DER-1-290,Unit 29,FAD,150,57,116,169,342,45,97,147,289,11,18,20,49,1,1,2,4,139,9,2,150,92.67,6,1.33,100,45,33,61,0,139,3,3,3,0,9,1,1,0,0,2
DER-1-294,Unit 30,FAD,720,1907,896,820,3623,1674,768,751,3193,226,125,64,415,7,3,5,15,666,43,11,720,92.5,5.97,1.53,100,571,54,41,0,666,41,1,1,0,43,7,1,3,0,11
DER-1-295,Unit 30,FAD,720,789,1667,873,3329,626,1469,783,2878,155,194,77,426,8,4,13,25,668,43,9,720,92.78,5.97,1.25,100,318,278,72,0,668,38,3,2,0,43,8,0,1,0,9
DER-1-296,Unit 30: youth only,FAD,250,268,71,186,525,243,63,162,468,13,7,22,42,12,1,2,15,222,15,13,250,88.8,6,5.2,100,155,29,38,0,222,7,1,7,0,15,12,1,0,0,13
DER-1-300,Unit 31,FAD,440,1746,1013,1127,3886,1532,856,1003,3391,154,109,96,359,60,48,28,136,370,26,44,440,84.09,5.91,10,100,339,20,11,0,370,17,7,2,0,26,34,7,3,0,44
DER-1-301,Unit 31,FAD,435,594,1588,906,3088,467,1358,761,2586,95,160,109,364,32,70,36,138,366,26,43,435,84.14,5.97,9.89,100,162,168,36,0,366,10,14,2,0,26,24,14,5,0,43
DER-1-305,Unit 32,FAD,565,728,510,650,1888,673,463,604,1740,47,45,33,125,8,2,13,23,513,34,18,565,90.79,6.02,3.19,100,300,101,112,0,513,11,13,10,0,34,8,2,8,0,18
DER-1-306,Unit 32,FAD,560,352,651,670,1673,317,576,604,1497,33,57,60,150,2,18,6,26,514,33,13,560,91.79,5.89,2.32,100,223,129,162,0,514,18,8,7,0,33,2,9,2,0,13
DER-1-307,"Unit 32: Roswell and Ft. Sumner hunt areas only, youth only",A,15,21,46,46,113,21,46,44,111,0,0,0,0,0,0,2,2,14,0,1,15,93.33,0,6.67,100,7,1,6,0,14,0,0,0,0,0,0,0,1,0,1
DER-1-308,Unit 32: Roswell and Ft. Sumner hunt areas only,A,15,43,49,165,257,41,44,157,242,2,5,8,15,0,0,0,0,14,1,0,15,93.33,6.67,0,100,12,2,0,0,14,0,1,0,0,1,0,0,0,0,0
DER-1-312,Unit 33,FAD,150,1027,671,631,2329,885,557,553,1995,100,54,55,209,42,60,23,125,126,9,15,150,84,6,10,100,117,9,0,0,126,8,1,0,0,9,9,6,0,0,15
DER-1-313,Unit 33,FAD,150,522,892,539,1953,416,749,422,1587,75,93,79,247,31,50,38,119,126,9,15,150,84,6,10,100,71,51,4,0,126,8,0,1,0,9,6,5,4,0,15
DER-1-319,Unit 34: mobility impaired only,FAD,50,104,32,34,170,99,30,32,161,5,1,1,7,0,1,1,2,46,3,1,50,92,6,2,100,35,8,3,0,46,3,0,0,0,3,0,0,1,0,1
DER-1-320,Unit 34: youth only,FAD,45,205,150,119,474,188,143,110,441,15,4,6,25,2,3,3,8,38,3,4,45,84.44,6.67,8.89,100,34,3,1,0,38,3,0,0,0,3,2,1,1,0,4
DER-1-321,Unit 34,FAD,650,1750,1078,1293,4121,1582,981,1162,3725,165,96,127,388,3,1,4,8,607,39,4,650,93.38,6,0.62,100,507,56,44,0,607,28,5,6,0,39,3,0,1,0,4
DER-1-322,Unit 34,FAD,650,497,1405,1038,2940,439,1244,922,2605,55,161,103,319,3,0,13,16,603,39,8,650,92.77,6,1.23,100,221,286,96,0,603,15,11,13,0,39,3,0,5,0,8
DER-1-326,Unit 36,FAD,300,1021,779,895,2695,903,705,781,2389,101,63,99,263,17,11,15,43,261,18,21,300,87,6,7,100,209,33,19,0,261,13,3,2,0,18,17,3,1,0,21
DER-1-327,Unit 36,FAD,300,419,954,655,2028,362,835,573,1770,47,108,69,224,10,11,13,34,267,18,15,300,89,6,5,100,119,104,44,0,267,5,9,4,0,18,10,2,3,0,15
DER-1-328,Unit 36: youth only,FAD,25,158,159,131,448,142,132,116,390,9,22,13,44,7,5,2,14,21,2,2,25,84,8,8,100,18,3,0,0,21,0,1,1,0,2,2,0,0,0,2
DER-1-333,Unit 37,FAD,365,661,666,802,2129,588,581,704,1873,64,67,73,204,9,18,25,52,326,22,17,365,89.31,6.03,4.66,100,192,68,66,0,326,14,7,1,0,22,9,1,7,0,17
DER-1-334,Unit 37,FAD,360,351,576,589,1516,268,524,539,1331,58,47,38,143,25,5,12,42,308,21,31,360,85.56,5.83,8.61,100,121,108,79,0,308,17,1,3,0,21,25,0,6,0,31
DER-1-338,Unit 38,FAD,160,176,255,308,739,170,247,296,713,6,8,3,17,0,0,9,9,145,9,6,160,90.62,5.63,3.75,100,60,42,43,0,145,4,5,0,0,9,0,0,6,0,6
DER-1-339,Unit 38,FAD,155,104,161,244,509,93,144,233,470,11,17,11,39,0,0,0,0,146,9,0,155,94.19,5.81,0,100,56,40,50,0,146,4,5,0,0,9,0,0,0,0,0
DER-1-343,Unit 39,FAD,35,63,78,51,192,60,75,47,182,3,3,3,9,0,0,1,1,33,2,0,35,94.29,5.71,0,100,18,12,3,0,33,1,0,1,0,2,0,0,0,0,0
DER-1-344,Unit 39,FAD,35,43,66,84,193,41,62,77,180,2,4,7,13,0,0,0,0,33,2,0,35,94.29,5.71,0,100,15,7,11,0,33,1,0,1,0,2,0,0,0,0,0
DER-1-348,Unit 40,FAD,50,58,41,104,203,52,40,98,190,4,1,6,11,2,0,0,2,45,3,2,50,90,6,4,100,21,9,15,0,45,2,1,0,0,3,2,0,0,0,2
DER-1-349,Unit 40,FAD,50,36,56,68,160,33,53,62,148,3,2,4,9,0,1,2,3,46,3,1,50,92,6,2,100,25,10,11,0,46,2,0,1,0,3,0,0,1,0,1
DER-1-353,Unit 41,FAD,40,147,92,81,320,125,82,71,278,12,2,8,22,10,8,2,20,34,2,4,40,85,5,10,100,32,1,1,0,34,2,0,0,0,2,2,2,0,0,4
DER-1-354,Unit 41,FAD,40,67,140,80,287,54,115,59,228,3,16,15,34,10,9,6,25,34,2,4,40,85,5,10,100,16,16,2,0,34,1,0,1,0,2,1,2,1,0,4
DER-1-355,Unit 41: youth only,FAD,5,46,21,22,89,45,19,22,86,1,0,0,1,0,2,0,2,5,0,0,5,100,0,0,100,5,0,0,0,5,0,0,0,0,0,0,0,0,0,0
DER-1-356,Unit 41: youth only,ESWTD,15,3,3,5,11,3,2,5,10,0,1,0,1,0,0,0,0,14,1,0,15,93.33,6.67,0,100,3,2,2,7,14,0,1,0,0,1,0,0,0,0,0
DER-1-357,Unit 41,ESWTD,10,6,18,22,46,5,18,21,44,0,0,1,1,1,0,0,1,9,0,1,10,90,0,10,100,2,6,1,0,9,0,0,0,0,0,1,0,0,0,1
DER-1-361,Unit 42,FAD,40,45,35,34,114,40,27,34,101,3,8,0,11,2,0,0,2,36,2,2,40,90,5,5,100,22,4,10,0,36,1,1,0,0,2,2,0,0,0,2
DER-1-362,Unit 42,FAD,40,19,47,77,143,17,41,73,131,1,4,4,9,1,2,0,3,37,2,1,40,92.5,5,2.5,100,12,6,19,0,37,1,0,1,0,2,1,0,0,0,1
DER-1-363,Unit 42,ESWTD,10,11,8,15,34,11,8,15,34,0,0,0,0,0,0,0,0,10,0,0,10,100,0,0,100,5,2,3,0,10,0,0,0,0,0,0,0,0,0,0
DER-1-366,Unit 43,FAD,35,142,124,217,483,136,121,213,470,6,3,4,13,0,0,0,0,33,2,0,35,94.29,5.71,0,100,28,2,3,0,33,2,0,0,0,2,0,0,0,0,0
DER-1-369,Unit 45,FAD,250,1066,946,831,2843,994,876,765,2635,69,61,59,189,3,9,7,19,228,15,7,250,91.2,6,2.8,100,167,36,25,0,228,8,7,0,0,15,3,4,0,0,7
DER-1-370,Unit 45: mobility impaired only,FAD,25,30,38,35,103,29,36,35,100,1,0,0,1,0,2,0,2,22,1,2,25,88,4,8,100,5,6,11,0,22,1,0,0,0,1,0,2,0,0,2
DER-1-371,Unit 45,FAD,250,526,1059,1001,2586,492,990,894,2376,31,64,85,180,3,5,22,30,215,15,20,250,86,6,8,100,91,93,31,0,215,4,2,9,0,15,3,2,15,0,20
DER-1-372,Unit 45: youth only,FAD,25,208,129,182,519,194,111,147,452,8,13,20,41,6,5,15,26,21,2,2,25,84,8,8,100,16,2,3,0,21,0,2,0,0,2,0,1,1,0,2
DER-1-375,Unit 47,FAD,25,53,37,52,142,50,33,43,126,3,4,9,16,0,0,0,0,23,2,0,25,92,8,0,100,19,4,0,0,23,0,1,1,0,2,0,0,0,0,0
DER-1-376,Unit 47,FAD,20,20,47,39,106,17,44,38,99,3,3,1,7,0,0,0,0,19,1,0,20,95,5,0,100,5,8,6,0,19,1,0,0,0,1,0,0,0,0,0
DER-1-379,Unit 48,FAD,50,236,216,178,630,222,203,171,596,14,10,7,31,0,3,0,3,44,3,3,50,88,6,6,100,39,2,3,0,44,3,0,0,0,3,0,3,0,0,3
DER-1-380,Unit 48,FAD,50,71,165,188,424,68,154,178,400,3,9,8,20,0,2,2,4,45,3,2,50,90,6,4,100,24,11,10,0,45,1,1,1,0,3,0,2,0,0,2
DER-1-383,Unit 49,FAD,100,768,520,488,1776,714,475,453,1642,49,39,34,122,5,6,1,12,88,6,6,100,88,6,6,100,80,7,1,0,88,4,2,0,0,6,5,1,0,0,6
DER-1-384,Unit 49,FAD,100,262,736,490,1488,234,671,428,1333,25,54,57,136,3,11,5,19,87,6,7,100,87,6,7,100,31,50,6,0,87,3,0,3,0,6,3,4,0,0,7
DER-1-386,Unit 50,FAD,50,85,143,162,390,78,129,152,359,7,13,10,30,0,1,0,1,47,3,0,50,94,6,0,100,16,15,16,0,47,1,0,2,0,3,0,0,0,0,0
DER-1-387,Unit 50,FAD,50,53,126,217,396,45,117,212,374,8,9,5,22,0,0,0,0,47,3,0,50,94,6,0,100,13,18,16,0,47,0,3,0,0,3,0,0,0,0,0
DER-1-389,Unit 51A,FAD,145,910,738,901,2549,864,695,856,2415,42,37,42,121,4,6,3,13,130,9,6,145,89.65,6.21,4.14,100,88,28,14,0,130,4,0,5,0,9,4,2,0,0,6
DER-1-391,Unit 51B,FAD,20,169,311,217,697,153,301,198,652,14,10,15,39,2,0,4,6,17,1,2,20,85,5,10,100,10,3,4,0,17,1,0,0,0,1,1,0,1,0,2
DER-1-392,Unit 51B,FAD,15,87,204,335,626,84,186,322,592,2,17,11,30,1,1,2,4,13,1,1,15,86.67,6.67,6.66,100,6,2,5,0,13,0,1,0,0,1,0,0,1,0,1
DER-1-394,Unit 52,FAD,90,399,565,549,1513,355,503,478,1336,37,60,59,156,7,2,12,21,78,5,7,90,86.67,5.55,7.78,100,47,21,10,0,78,1,2,2,0,5,7,0,0,0,7
DER-1-395,Unit 52,FAD,90,270,588,599,1457,218,517,523,1258,51,71,68,190,1,0,8,9,81,5,4,90,90,5.56,4.44,100,34,33,14,0,81,4,1,0,0,5,1,0,3,0,4
DER-1-398,Unit 53,FAD,85,266,233,223,722,234,199,197,630,28,32,24,84,4,2,2,8,76,5,4,85,89.41,5.88,4.71,100,51,10,15,0,76,5,0,0,0,5,4,0,0,0,4
DER-1-399,Unit 53,FAD,85,143,308,323,774,113,271,270,654,29,32,53,114,1,5,0,6,78,5,2,85,91.76,5.88,2.36,100,33,25,20,0,78,2,0,3,0,5,1,1,0,0,2
DER-1-401,Units 54/55: Colin Neblett WMA only,FAD,10,23,30,37,90,23,30,37,90,0,0,0,0,0,0,0,0,10,0,0,10,100,0,0,100,3,2,5,0,10,0,0,0,0,0,0,0,0,0,0
DER-1-402,Units 54/55: Colin Neblett WMA only,FAD,10,11,28,38,77,11,28,38,77,0,0,0,0,0,0,0,0,10,0,0,10,100,0,0,100,3,4,3,0,10,0,0,0,0,0,0,0,0,0,0
DER-1-404,Unit 55: ES Barker WMA only,FAD,5,28,24,28,80,28,24,28,80,0,0,0,0,0,0,0,0,5,0,0,5,100,0,0,100,5,0,0,0,5,0,0,0,0,0,0,0,0,0,0
DER-1-405,"Unit 55: ES Barker WMA only, youth only",FAD,5,13,9,10,32,13,9,10,32,0,0,0,0,0,0,0,0,5,0,0,5,100,0,0,100,2,2,1,0,5,0,0,0,0,0,0,0,0,0,0
DER-1-406,Unit 55: Urraca WMA only,FAD,5,8,15,28,51,8,15,28,51,0,0,0,0,0,0,0,0,5,0,0,5,100,0,0,100,3,1,1,0,5,0,0,0,0,0,0,0,0,0,0
DER-1-407,Unit 55: Urraca WMA only,FAD,5,7,14,27,48,7,14,27,48,0,0,0,0,0,0,0,0,5,0,0,5,100,0,0,100,1,0,4,0,5,0,0,0,0,0,0,0,0,0,0
DER-1-409,Unit 56,FAD,15,40,33,34,107,34,27,32,93,6,4,1,11,0,2,1,3,13,1,1,15,86.67,6.67,6.66,100,11,1,1,0,13,1,0,0,0,1,0,1,0,0,1
DER-1-410,Unit 56,FAD,15,22,26,31,79,20,22,26,68,2,4,5,11,0,0,0,0,14,1,0,15,93.33,6.67,0,100,8,5,1,0,14,0,0,1,0,1,0,0,0,0,0
DER-1-411,Unit 56: youth only,FAD,10,13,7,16,36,12,6,16,34,0,0,0,0,1,1,0,2,9,0,1,10,90,0,10,100,6,1,2,0,9,0,0,0,0,0,1,0,0,0,1
DER-1-412,Unit 56: youth only,ESWTD,10,3,3,8,14,3,3,7,13,0,0,0,0,0,0,1,1,9,0,1,10,90,0,10,100,3,1,5,0,9,0,0,0,0,0,0,0,1,0,1
DER-1-415,Unit 57 (excluding Sugarite Canyon State Park),FAD,25,55,50,33,138,47,43,27,117,2,4,6,12,6,3,0,9,21,2,2,25,84,8,8,100,18,2,1,0,21,0,1,1,0,2,2,0,0,0,2
DER-1-416,Unit 57 (excluding Sugarite Canyon State Park),FAD,25,17,51,36,104,13,50,30,93,1,1,3,5,3,0,3,6,21,2,2,25,84,8,8,100,6,9,6,0,21,0,0,2,0,2,2,0,0,0,2
DER-1-417,Unit 57 (excluding Sugarite Canyon State Park): youth only,FAD,10,16,27,26,69,15,26,24,65,0,0,0,0,1,1,2,4,9,0,1,10,90,0,10,100,4,2,3,0,9,0,0,0,0,0,0,0,1,0,1
DER-1-418,Unit 57 (excluding Sugarite Canyon State Park),ESWTD,10,14,11,26,51,14,11,25,50,0,0,0,0,0,0,1,1,10,0,0,10,100,0,0,100,7,1,2,0,10,0,0,0,0,0,0,0,0,0,0
DER-1-422,Unit 58,FAD,40,65,44,72,181,53,34,60,147,12,8,12,32,0,2,0,2,36,2,2,40,90,5,5,100,20,5,11,0,36,1,1,0,0,2,0,2,0,0,2
DER-1-423,Unit 58,FAD,35,40,66,56,162,33,54,51,138,6,12,5,23,1,0,0,1,32,2,1,35,91.43,5.71,2.86,100,18,7,7,0,32,0,2,0,0,2,1,0,0,0,1
DER-1-424,Unit 58: youth only,FAD,10,18,24,13,55,18,24,12,54,0,0,0,0,0,0,1,1,10,0,0,10,100,0,0,100,3,5,2,0,10,0,0,0,0,0,0,0,0,0,0
DER-1-425,Unit 58: youth only,ESWTD,15,2,4,15,21,2,4,13,19,0,0,1,1,0,0,1,1,14,1,0,15,93.33,6.67,0,100,2,4,8,0,14,0,0,1,0,1,0,0,0,0,0
DER-1-426,Unit 58,ESWTD,15,15,25,18,58,12,23,15,50,2,2,3,7,1,0,0,1,13,1,1,15,86.67,6.67,6.66,100,4,6,3,0,13,0,0,1,0,1,1,0,0,0,1
DER-1-429,Unit 59,FAD,40,49,23,60,132,45,18,54,117,3,5,6,14,1,0,0,1,37,2,1,40,92.5,5,2.5,100,26,3,8,0,37,1,1,0,0,2,1,0,0,0,1
DER-1-430,Unit 59,FAD,40,26,26,55,107,21,20,49,90,3,5,1,9,2,1,5,8,34,2,4,40,85,5,10,100,17,5,12,0,34,0,2,0,0,2,1,0,3,0,4
DER-1-431,Unit 59: youth only,FAD,5,10,15,23,48,10,15,23,48,0,0,0,0,0,0,0,0,5,0,0,5,100,0,0,100,3,2,0,0,5,0,0,0,0,0,0,0,0,0,0
DER-1-432,Unit 59: youth only,ESWTD,15,0,3,2,5,0,2,2,4,0,0,0,0,0,1,0,1,14,0,1,15,93.33,0,6.67,100,0,2,2,10,14,0,0,0,0,0,0,1,0,0,1
DER-1-433,Unit 59,ESWTD,15,7,18,37,62,5,14,36,55,2,3,1,6,0,1,0,1,14,1,0,15,93.33,6.67,0,100,3,4,7,0,14,1,0,0,0,1,0,0,0,0,0
DER-1-700,statewide,FAD,1,1185,113,262,1560,1168,112,253,1533,13,1,8,22,4,0,1,5,1,0,0,1,100,0,0,100,1,0,0,0,1,0,0,0,0,0,0,0,0,0,0
DER-2-104,Unit 2A,FAD,40,48,39,54,141,45,32,54,131,3,7,0,10,0,0,0,0,38,2,0,40,95,5,0,100,22,8,8,0,38,0,2,0,0,2,0,0,0,0,0
DER-2-105,Unit 2A: private land only,FAD,15,7,0,4,11,5,0,4,9,2,0,0,2,0,0,0,0,8,2,0,10,53.33,13.33,0,66.66,5,0,3,0,8,2,0,0,0,2,0,0,0,0,0
DER-2-106,Unit 2A,FAD,80,115,163,293,571,83,117,193,393,29,45,88,162,3,1,12,16,68,4,8,80,85,5,10,100,30,14,24,0,68,0,2,2,0,4,1,1,6,0,8
DER-2-107,Unit 2A: private land only,FAD,15,8,9,7,24,8,8,4,20,0,1,3,4,0,0,0,0,13,0,0,13,86.67,0,0,86.67,8,3,2,0,13,0,0,0,0,0,0,0,0,0,0
DER-2-118,Unit 2B,FAD,130,130,128,113,371,114,110,93,317,16,18,16,50,0,0,4,4,122,7,1,130,93.85,5.38,0.77,100,53,39,30,0,122,1,4,2,0,7,0,0,1,0,1
DER-2-119,Unit 2B: youth only,FAD,20,3,5,4,12,2,4,4,10,1,1,0,2,0,0,0,0,18,2,0,20,90,10,0,100,2,1,3,12,18,1,1,0,0,2,0,0,0,0,0
DER-2-120,Unit 2B: private land only,FAD,10,1,0,0,1,0,0,0,0,1,0,0,1,0,0,0,0,0,1,0,1,0,10,0,10,0,0,0,0,0,1,0,0,0,1,0,0,0,0,0
DER-2-121,Unit 2B,FAD,180,1338,1126,635,3099,862,636,347,1845,420,378,194,992,56,112,94,262,152,10,18,180,84.44,5.56,10,100,101,36,15,0,152,8,1,1,0,10,8,4,6,0,18
DER-2-122,Unit 2B: youth only,FAD,50,47,50,59,156,33,32,29,94,14,12,19,45,0,6,11,17,42,3,5,50,84,6,10,100,19,15,8,0,42,2,0,1,0,3,0,2,3,0,5
DER-2-123,Unit 2B: private land only,FAD,30,8,0,21,29,2,0,11,13,6,0,3,9,0,0,7,7,10,9,7,26,33.33,30,23.33,86.66,2,0,8,0,10,6,0,3,0,9,0,0,7,0,7
DER-2-129,Unit 2C,FAD,50,1091,883,519,2493,403,299,210,912,505,328,173,1006,183,256,136,575,42,3,5,50,84,6,10,100,35,5,2,0,42,2,0,1,0,3,4,1,0,0,5
DER-2-130,Unit 2C: private land only,FAD,15,5,3,5,13,2,3,4,9,2,0,1,3,1,0,0,1,8,3,1,12,53.33,20,6.67,80,2,3,3,0,8,2,0,1,0,3,1,0,0,0,1
DER-2-141,Unit 4: Humphries/Rio Chama/Sargent WMAs only,FAD,10,68,27,36,131,67,25,34,126,0,0,0,0,1,2,2,5,9,0,1,10,90,0,10,100,3,3,3,0,9,0,0,0,0,0,0,1,0,0,1
DER-2-142,Unit 4: private land only,FAD,150,66,2,6,74,21,1,4,26,34,0,1,35,11,1,1,13,23,34,11,68,15.33,22.67,7.33,45.33,21,1,1,0,23,34,0,0,0,34,11,0,0,0,11
DER-2-146,Unit 5A: public land only,FAD,30,40,28,28,96,36,26,26,88,3,2,2,7,1,0,0,1,28,1,1,30,93.34,3.33,3.33,100,16,10,2,0,28,0,0,1,0,1,1,0,0,0,1
DER-2-147,Unit 5A: private land only,FAD,220,82,2,4,88,31,1,4,36,51,0,0,51,0,1,0,1,34,51,0,85,15.45,23.18,0,38.63,31,0,3,0,34,51,0,0,0,51,0,0,0,0,0
DER-2-152,Unit 5B,FAD,10,128,147,81,356,123,136,73,332,4,3,3,10,1,8,5,14,9,6,10,10,90,0,10,100,9,0,0,0,9,0,0,0,0,0,0,0,1,0,1
DER-2-156,Units 6A and 6C,FAD,100,698,425,366,1489,634,415,343,1392,53,9,19,81,11,1,4,16,84,6,10,100,84,6,10,100,68,16,0,0,84,5,1,0,0,6,8,1,1,0,10
DER-2-159,Unit 7,FAD,10,23,20,32,75,22,20,29,71,0,0,1,1,1,0,2,3,9,0,1,10,90,0,10,100,6,2,1,0,9,0,0,0,0,0,0,0,1,0,1
DER-2-160,Unit 7,FAD,15,41,91,95,227,31,37,45,113,7,24,31,62,3,30,19,52,13,1,1,15,86.67,6.67,6.66,100,7,3,3,0,13,0,1,0,0,1,0,1,0,0,1
DER-2-162,Unit 8: youth only,FAD,65,128,42,31,201,124,41,31,196,1,0,0,1,3,1,0,4,60,1,4,65,92.31,1.54,6.15,100,46,11,3,0,60,1,0,0,0,1,3,1,0,0,4
DER-2-163,Unit 8,FAD,65,1147,373,265,1785,1078,338,236,1652,40,23,18,81,29,12,11,52,55,4,6,65,84.62,6.15,9.23,100,54,1,0,0,55,4,0,0,0,4,4,0,2,0,6
DER-2-167,"Unit 9, including Water Canyon WMA",FAD,10,49,35,42,126,49,35,41,125,0,0,1,1,0,0,0,0,10,0,0,10,100,0,0,100,9,0,1,0,10,0,0,0,0,0,0,0,0,0,0
DER-2-168,"Unit 9, including Water Canyon WMA",FAD,15,30,30,36,96,29,28,33,90,1,2,1,4,0,0,2,2,13,1,1,15,86.67,6.67,6.66,100,8,1,4,0,13,0,1,0,0,1,0,0,1,0,1
DER-2-175,Unit 10,FAD,100,223,92,102,417,208,87,100,395,13,5,2,20,2,0,0,2,92,6,2,100,92,6,2,100,75,10,7,0,92,6,0,0,0,6,2,0,0,0,2
DER-2-178,Unit 12,FAD,20,26,26,31,83,16,22,30,68,5,3,0,8,5,1,1,7,17,1,2,20,85,5,10,100,5,6,6,0,17,1,0,0,0,1,2,0,0,0,2
DER-2-183,Unit 13,FAD,125,102,71,79,252,86,61,73,220,5,6,3,14,11,4,3,18,105,8,12,125,84,6.4,9.6,100,59,19,27,0,105,3,4,1,0,8,11,1,0,0,12
DER-2-184,Unit 13,FAD,75,97,154,169,420,75,126,130,331,13,21,27,61,9,7,12,28,63,5,7,75,84,6.67,9.33,100,27,20,16,0,63,2,2,1,0,5,5,1,1,0,7
DER-2-187,Unit 14,FAD,35,320,170,117,607,277,152,101,530,27,13,11,51,16,5,5,26,30,2,3,35,85.71,5.72,8.57,100,24,6,0,0,30,2,0,0,0,2,2,1,0,0,3
DER-2-188,Unit 14,FAD,25,283,331,184,798,249,294,154,697,21,18,11,50,13,19,19,51,21,2,2,25,84,8,8,100,21,0,0,0,21,2,0,0,0,2,1,1,0,0,2
DER-2-190,Unit 15,FAD,75,170,127,121,418,147,112,107,366,19,13,13,45,4,2,1,7,66,5,4,75,88,6.67,5.33,100,40,8,18,0,66,4,1,0,0,5,4,0,0,0,4
DER-2-191,Unit 15,FAD,25,57,69,93,219,45,47,72,164,9,14,19,42,3,8,2,13,21,2,2,25,84,8,8,100,13,5,3,0,21,2,0,0,0,2,1,1,0,0,2
DER-2-198,Unit 16,FAD,230,423,271,245,939,358,236,219,813,53,29,17,99,12,6,9,27,194,13,23,230,84.35,5.65,10,100,136,35,23,0,194,12,0,1,0,13,10,5,8,0,23
DER-2-199,Unit 16,FAD,175,214,315,265,794,165,269,220,654,38,40,37,115,11,6,8,25,147,11,17,175,84,6.29,9.71,100,69,54,24,0,147,6,3,2,0,11,8,3,6,0,17
DER-2-204,Unit 17,FAD,75,106,108,92,306,97,99,73,269,5,9,19,33,4,0,0,4,66,5,4,75,88,6.67,5.33,100,37,19,10,0,66,1,1,3,0,5,4,0,0,0,4
DER-2-205,Unit 17,FAD,75,212,272,232,716,183,225,183,591,19,22,32,73,10,25,17,52,63,5,7,75,84,6.67,9.33,100,45,10,8,0,63,2,3,0,0,5,2,4,1,0,7
DER-2-209,Unit 18,FAD,50,19,19,33,71,18,17,33,68,0,2,0,2,1,0,0,1,48,1,1,50,96,2,2,100,15,11,21,1,48,0,1,0,0,1,1,0,0,0,1
DER-2-210,Unit 18,FAD,40,76,138,129,343,57,101,84,242,11,29,31,71,8,8,14,30,34,2,4,40,85,5,10,100,12,17,5,0,34,2,0,0,0,2,2,0,2,0,4
DER-2-214,Unit 19: except WSMR and Ft. Bliss,FAD,10,139,83,64,286,122,59,42,223,1,0,1,2,16,24,21,61,9,0,1,10,90,0,10,100,8,1,0,0,9,0,0,0,0,0,0,0,1,0,1
DER-2-218,Unit 20,FAD,45,3,6,19,28,3,6,17,26,0,0,2,2,0,0,0,0,36,9,0,45,80,20,0,100,3,4,7,22,36,0,0,1,8,9,0,0,0,0,0
DER-2-219,Unit 20,FAD,25,82,89,105,276,77,73,82,232,4,11,14,29,1,5,9,15,21,2,2,25,84,8,8,100,18,3,0,0,21,0,0,2,0,2,0,1,1,0,2
DER-2-224,Unit 21,FAD,300,72,77,145,294,56,54,118,228,12,19,26,57,4,4,1,9,243,53,4,300,81,17.67,1.33,100,56,39,65,83,243,12,14,20,7,53,4,0,0,0,4
DER-2-225,Unit 21,FAD,200,162,234,328,724,124,204,286,614,36,26,39,101,2,4,3,9,182,12,6,200,91,6,3,100,71,57,54,0,182,7,2,3,0,12,2,1,3,0,6
DER-2-231,Unit 22,FAD,30,9,7,18,34,5,6,10,21,4,1,7,12,0,0,1,1,24,6,0,30,80,20,0,100,5,3,3,13,24,4,0,1,1,6,0,0,0,0,0
DER-2-232,Unit 22,FAD,25,38,30,69,137,23,14,33,70,15,12,34,61,0,4,2,6,21,2,2,25,84,8,8,100,11,4,6,0,21,0,2,0,0,2,0,2,0,0,2
DER-2-239,Unit 23: except Burro mountains hunt area. ,FAMD,205,74,53,103,230,53,44,79,176,21,9,23,53,0,0,1,1,160,44,1,205,78.05,21.46,0.49,100,53,27,37,43,160,20,7,13,4,44,0,0,1,0,1
DER-2-240,Unit 23: except Burro mountains hunt area. ,FAMD,50,75,143,120,338,46,101,96,243,22,33,20,75,7,9,4,20,42,3,5,50,84,6,10,100,18,20,4,0,42,3,0,0,0,3,2,2,1,0,5
DER-2-241,Unit 23: except Burro mountains hunt area. ,FAWTD,100,11,8,20,39,10,2,12,24,1,5,8,14,0,1,0,1,86,14,0,100,86,14,0,100,10,0,0,76,86,1,3,7,3,14,0,0,0,0,0
DER-2-242,Unit 23: except Burro mountains hunt area. ,FAWTD,50,24,22,59,105,12,13,41,66,10,9,17,36,2,0,1,3,31,17,2,50,62,34,4,100,12,7,12,0,31,3,4,10,0,17,2,0,0,0,2
DER-2-248,Unit 23: Burro mountains hunt area only. ,FAMD,40,201,110,110,421,173,83,96,352,21,17,6,44,7,10,8,25,34,2,4,40,85,5,10,100,31,3,0,0,34,0,1,1,0,2,1,3,0,0,4
DER-2-249,Unit 23: Burro mountains hunt area only. ,FAWTD,20,24,21,30,75,15,17,25,57,3,4,2,9,6,0,3,9,18,1,1,20,90,5,5,100,10,3,5,0,18,0,1,0,0,1,1,0,0,0,1
DER-2-250,Unit 23: Burro mountains hunt area only. ,FAWTD,50,53,64,79,196,32,42,52,126,20,18,25,63,1,4,2,7,43,3,4,50,86,6,8,100,17,14,12,0,43,3,0,0,0,3,1,2,1,0,4
DER-2-259,Unit 24: excluding Fort Bayard ,FAMD,135,101,82,80,263,92,69,68,229,9,12,12,33,0,1,0,1,127,8,0,135,94.07,5.93,0,100,83,20,24,0,127,3,3,2,0,8,0,0,0,0,0
DER-2-260,Unit 24: excluding Fort Bayard ,FAMD,85,138,183,232,553,114,148,134,396,22,35,96,153,2,0,2,4,76,5,4,85,89.41,5.88,4.71,100,50,19,7,0,76,0,0,5,0,5,2,0,2,0,4
DER-2-261,Unit 24: excluding Fort Bayard ,FAWTD,60,8,12,20,40,7,7,17,31,1,4,3,8,0,1,0,1,51,9,0,60,85,15,0,100,7,4,5,35,51,1,4,2,2,9,0,0,0,0,0
DER-2-262,Unit 24: excluding Fort Bayard ,FAWTD,40,15,34,38,87,10,26,26,62,5,6,10,21,0,2,2,4,32,6,2,40,80,15,5,100,10,14,8,0,32,4,0,2,0,6,0,2,0,0,2
DER-2-267,Unit 25,FAD,45,5,6,9,20,5,6,9,20,0,0,0,0,0,0,0,0,41,4,0,45,91.11,8.89,0,100,5,0,8,28,41,0,0,0,4,4,0,0,0,0,0
DER-2-268,Unit 25,FAD,30,48,43,65,156,41,38,58,137,7,2,5,14,0,3,2,5,26,1,3,30,86.67,3.33,10,100,14,9,3,0,26,1,0,0,0,1,0,3,0,0,3
DER-2-272,Unit 26,FAD,25,3,2,3,8,2,2,3,7,1,0,0,1,0,0,0,0,23,2,0,25,92,8,0,100,2,2,0,19,23,1,0,0,1,2,0,0,0,0,0
DER-2-273,Unit 26,FAD,15,26,24,29,79,17,22,25,64,5,2,4,11,4,0,0,4,13,1,1,15,86.67,6.67,6.66,100,8,3,2,0,13,1,0,0,0,1,1,0,0,0,1
DER-2-281,Unit 27,FAMD,30,3,3,7,13,2,2,5,9,0,1,2,3,1,0,0,1,25,4,1,30,83.34,13.33,3.33,100,2,0,2,21,25,0,1,2,1,4,1,0,0,0,1
DER-2-282,Unit 27,FAWTD,15,4,3,6,13,4,2,5,11,0,0,1,1,0,1,0,1,12,2,1,15,80,13.33,6.67,100,4,1,2,5,12,0,0,0,2,2,0,1,0,0,1
DER-2-283,Unit 27,FAMD,30,64,38,39,141,46,28,27,101,15,6,7,28,3,4,5,12,26,1,3,30,86.67,3.33,10,100,16,8,2,0,26,1,0,0,0,1,1,2,0,0,3
DER-2-284,Unit 27,FAWTD,40,19,24,40,83,10,18,25,53,7,6,13,26,2,0,2,4,35,3,2,40,87.5,7.5,5,100,10,8,17,0,35,2,0,1,0,3,2,0,0,0,2
DER-2-291,Unit 29,FAD,100,0,3,9,12,0,2,8,10,0,1,1,2,0,0,0,0,78,22,0,100,78,22,0,100,0,1,3,74,78,0,1,1,20,22,0,0,0,0,0
DER-2-292,Unit 29,FAD,50,19,33,50,102,16,23,44,83,3,10,6,19,0,0,0,0,47,3,0,50,94,6,0,100,15,12,20,0,47,0,0,3,0,3,0,0,0,0,0
DER-2-297,Unit 30,FAD,200,53,65,75,193,31,44,62,137,22,21,13,56,0,0,0,0,139,59,2,200,69.5,29.5,1,100,31,20,36,52,139,20,18,12,9,59,0,0,0,2,2
DER-2-298,Unit 30,FAD,100,258,220,251,729,199,170,186,555,56,32,42,130,3,18,23,44,84,6,10,100,84,6,10,100,63,12,9,0,84,4,1,1,0,6,0,6,4,0,10
DER-2-302,Unit 31,FAD,175,87,81,142,310,51,63,98,212,33,15,39,87,3,3,5,11,133,34,8,175,76,19.43,4.57,100,51,37,45,0,133,16,7,11,0,34,3,1,4,0,8
DER-2-303,Unit 31,FAD,100,472,345,196,1013,359,253,136,748,74,58,43,175,39,34,17,90,84,6,10,100,84,6,10,100,79,3,2,0,84,3,1,2,0,6,9,1,0,0,10
DER-2-309,Unit 32,FAD,150,25,23,49,97,23,16,37,76,2,5,12,19,0,2,0,2,62,14,0,76,41.33,9.33,0,50.66,23,3,10,26,62,2,4,5,3,14,0,0,0,0,0
DER-2-310,Unit 32,FAD,100,120,171,209,500,97,144,142,383,20,14,31,65,3,13,36,52,84,6,10,100,84,6,10,100,40,31,13,0,84,6,0,0,0,6,0,5,5,0,10
DER-2-314,Unit 33,FAD,60,41,48,42,131,32,38,36,106,7,8,6,21,2,2,0,4,53,3,4,60,88.33,5,6.67,100,24,17,12,0,53,1,2,0,0,3,2,2,0,0,4
DER-2-315,Unit 33,FAD,50,322,284,180,786,220,205,121,546,53,49,31,133,49,30,28,107,42,3,5,50,84,6,10,100,35,6,1,0,42,1,2,0,0,3,0,4,1,0,5
DER-2-323,Unit 34,FAD,450,294,230,228,752,251,190,200,641,43,36,24,103,0,4,4,8,423,27,0,450,94,6,0,100,245,97,81,0,423,16,9,2,0,27,0,0,0,0,0
DER-2-324,Unit 34,FAD,350,439,296,417,1152,349,257,356,962,81,38,54,173,9,1,7,17,319,21,10,350,91.14,6,2.86,100,206,49,64,0,319,18,1,2,0,21,9,0,1,0,10
DER-2-329,Unit 36,FAD,225,235,208,198,641,193,176,173,542,35,29,23,87,7,3,2,12,203,14,8,225,90.22,6.22,3.56,100,133,37,33,0,203,12,2,0,0,14,7,1,0,0,8
DER-2-330,Unit 36,FAD,125,238,323,309,870,189,270,260,719,41,44,46,131,8,9,3,20,105,8,12,125,84,6.4,9.6,100,67,23,15,0,105,3,4,1,0,8,8,4,0,0,12
DER-2-335,Unit 37,FAD,100,77,89,70,236,61,76,56,193,13,8,5,26,3,5,9,17,85,6,9,100,85,6,9,100,41,28,16,0,85,3,2,1,0,6,3,1,5,0,9
DER-2-336,Unit 37,FAD,80,101,158,146,405,73,130,120,323,13,22,21,56,15,6,5,26,68,4,8,80,85,5,10,100,41,16,11,0,68,3,1,0,0,4,7,0,1,0,8
DER-2-340,Unit 38,FAD,65,7,22,36,65,7,22,34,63,0,0,2,2,0,0,0,0,42,2,0,44,64.62,3.08,0,67.7,7,13,22,0,42,0,0,2,0,2,0,0,0,0,0
DER-2-341,Unit 38,FAD,40,47,59,94,200,47,53,90,190,0,6,3,9,0,0,1,1,37,2,1,40,92.5,5,2.5,100,17,17,3,0,37,0,1,1,0,2,0,0,1,0,1
DER-2-345,Unit 39,FAD,25,3,6,5,14,3,6,5,14,0,0,0,0,0,0,0,0,9,0,0,9,36,0,0,36,3,3,3,0,9,0,0,0,0,0,0,0,0,0,0
DER-2-346,Unit 39,FAD,15,9,15,18,42,9,15,16,40,0,0,2,2,0,0,0,0,15,0,0,15,100,0,0,100,5,7,3,0,15,0,0,0,0,0,0,0,0,0,0
DER-2-350,Unit 40,FAD,20,4,5,4,13,4,4,4,12,0,1,0,1,0,0,0,0,5,0,0,5,25,0,0,25,4,1,0,0,5,0,0,0,0,0,0,0,0,0,0
DER-2-351,Unit 40,FAD,15,8,13,28,49,6,13,24,43,2,0,3,5,0,0,1,1,13,1,1,15,86.67,6.67,6.66,100,5,3,5,0,13,1,0,0,0,1,0,0,1,0,1
DER-2-358,Unit 41,FAD,10,7,8,6,21,5,8,5,18,1,0,0,1,1,0,1,2,9,0,1,10,90,0,10,100,5,4,0,0,9,0,0,0,0,0,1,0,0,0,1
DER-2-359,Unit 41,FAD,10,21,12,15,48,20,12,12,44,0,0,1,1,1,0,2,3,9,0,1,10,90,0,10,100,8,1,0,0,9,0,0,0,0,0,0,0,1,0,1
DER-2-364,Unit 42,FAD,15,3,6,7,16,3,6,5,14,0,0,2,2,0,0,0,0,13,2,0,15,86.67,13.33,0,100,3,5,3,2,13,0,0,2,0,2,0,0,0,0,0
DER-2-367,Unit 43,FAD,10,10,16,25,51,8,16,25,49,2,0,0,2,0,0,0,0,10,0,0,10,100,0,0,100,2,6,2,0,10,0,0,0,0,0,0,0,0,0,0
DER-2-373,Unit 45,FAD,165,371,259,208,838,328,234,186,748,40,23,19,82,3,2,3,8,151,10,4,165,91.52,6.06,2.42,100,110,28,13,0,151,5,5,0,0,10,3,1,0,0,4
DER-2-377,Unit 47,FAD,10,4,7,8,19,4,7,8,19,0,0,0,0,0,0,0,0,10,0,0,10,100,0,0,100,4,2,4,0,10,0,0,0,0,0,0,0,0,0,0
DER-2-381,Unit 48,FAD,45,105,54,61,220,95,53,54,202,10,1,3,14,0,0,4,4,40,3,2,45,88.89,6.67,4.44,100,29,7,4,0,40,3,0,0,0,3,0,0,2,0,2
DER-2-385,Unit 49,FAD,105,263,157,150,570,246,143,140,529,16,13,10,39,1,1,0,2,98,6,1,105,93.33,5.72,0.95,100,66,22,10,0,98,5,0,1,0,6,1,0,0,0,1
DER-2-388,Unit 50,FAD,5,3,15,21,39,3,15,21,39,0,0,0,0,0,0,0,0,5,0,0,5,100,0,0,100,1,1,3,0,5,0,0,0,0,0,0,0,0,0,0
DER-2-390,Unit 51A,FAD,65,192,180,149,521,165,152,136,453,24,25,12,61,3,3,1,7,58,4,3,65,89.23,6.15,4.62,100,38,14,6,0,58,4,0,0,0,4,3,0,0,0,3
DER-2-393,Unit 51B,FAD,15,22,43,44,109,20,39,37,96,0,4,7,11,2,0,0,2,14,1,0,15,93.33,6.67,0,100,5,3,6,0,14,0,0,1,0,1,0,0,0,0,0
DER-2-396,Unit 52,FAD,80,155,173,124,452,134,166,114,414,19,7,10,36,2,0,0,2,74,4,2,80,92.5,5,2.5,100,38,25,11,0,74,4,0,0,0,4,2,0,0,0,2
DER-2-400,Unit 53,FAD,100,110,80,98,288,78,65,87,230,24,15,11,50,8,0,0,8,86,6,8,100,86,6,8,100,50,15,21,0,86,5,1,0,0,6,8,0,0,0,8
DER-2-403,Units 54/55: Colin Neblett WMA only,FAD,10,10,7,18,35,10,7,18,35,0,0,0,0,0,0,0,0,10,0,0,10,100,0,0,100,4,3,3,0,10,0,0,0,0,0,0,0,0,0,0
DER-2-408,Unit 55A: Valle Vidal only,FAD,10,141,60,60,261,136,60,57,253,0,0,2,2,5,0,1,6,9,0,1,10,90,0,10,100,9,0,0,0,9,0,0,0,0,0,1,0,0,0,1
DER-2-413,Unit 56,FAD,10,7,2,14,23,6,2,11,19,0,0,0,0,1,0,3,4,9,0,1,10,90,0,10,100,3,1,5,0,9,0,0,0,0,0,1,0,0,0,1
DER-2-419,Unit 57 (excluding Sugarite Canyon State Park),FAD,20,9,21,8,38,6,16,7,29,3,1,0,4,0,4,1,5,17,1,2,20,85,5,10,100,4,9,4,0,17,1,0,0,0,1,0,2,0,0,2
DER-2-420,Unit 57: Sugarite canyon state park only,FAD,20,114,59,37,210,105,49,28,182,8,7,7,22,1,3,2,6,17,1,2,20,85,5,10,100,15,2,0,0,17,1,0,0,0,1,0,0,2,0,2
DER-2-427,Unit 58,FAD,10,5,8,7,20,5,8,7,20,0,0,0,0,0,0,0,0,10,0,0,10,100,0,0,100,5,3,2,0,10,0,0,0,0,0,0,0,0,0,0
DER-2-434,Unit 59,FAD,10,1,0,8,9,1,0,8,9,0,0,0,0,0,0,0,0,9,1,0,10,90,10,0,100,1,0,3,5,9,0,0,0,1,1,0,0,0,0,0
DER-3-108,Unit 2A,FAD,50,79,72,73,224,75,68,66,209,4,4,7,15,0,0,0,0,47,3,0,50,94,6,0,100,27,9,11,0,47,0,1,2,0,3,0,0,0,0,0
DER-3-109,Unit 2A: private land only,FAD,10,2,4,1,7,2,4,1,7,0,0,0,0,0,0,0,0,3,0,0,3,30,0,0,30,2,0,1,0,3,0,0,0,0,0,0,0,0,0,0
DER-3-124,Unit 2B,FAD,175,137,182,237,556,130,163,203,496,7,17,28,52,0,2,6,8,157,11,7,175,89.71,6.29,4,100,55,55,47,0,157,2,2,7,0,11,0,1,6,0,7
DER-3-125,Unit 2B: youth only,FAD,20,9,12,17,38,8,11,13,32,1,1,2,4,0,0,2,2,17,1,2,20,85,5,10,100,7,5,5,0,17,0,1,0,0,1,0,0,2,0,2
DER-3-131,Unit 2C,FAD,20,294,516,343,1153,164,178,121,463,90,127,146,363,40,211,76,327,17,1,2,20,85,5,10,100,13,3,1,0,17,1,0,0,0,1,0,2,0,0,2
DER-3-132,Unit 2C: private land only,FAD,9,3,1,1,5,1,1,1,3,2,0,0,2,0,0,0,0,2,2,0,4,22.22,22.22,0,44.44,1,0,1,0,2,2,0,0,0,2,0,0,0,0,0
DER-3-143,Unit 4: private land only,FAD,100,31,5,16,52,19,5,8,32,7,0,8,15,5,0,0,5,24,7,5,36,24,7,5,36,19,1,4,0,24,7,0,0,0,7,5,0,0,0,5
DER-3-148,Unit 5A: public land only,FAD,10,8,35,35,78,8,35,34,77,0,0,1,1,0,0,0,0,10,0,0,10,100,0,0,100,0,4,6,0,10,0,0,0,0,0,0,0,0,0,0
DER-3-149,Unit 5A: private land only,FAD,50,45,2,2,49,29,2,2,33,16,0,0,16,0,0,0,0,31,16,0,47,62,32,0,94,29,1,1,0,31,16,0,0,0,16,0,0,0,0,0
DER-3-153,Unit 5B,FAD,10,148,117,83,348,142,107,71,320,2,5,0,7,4,5,12,21,9,0,1,10,90,0,10,100,6,3,0,0,9,0,0,0,0,0,0,0,1,0,1
DER-3-157,Units 6A and 6C,FAD,115,549,557,385,1491,505,514,335,1354,35,35,36,106,9,8,14,31,97,7,11,115,84.35,6.08,9.57,100,56,36,5,0,97,2,3,2,0,7,1,4,6,0,11
DER-3-161,Unit 7,FAD,25,37,65,78,180,33,52,43,128,4,5,13,22,0,8,22,30,21,1,3,25,84,4,12,100,13,5,3,0,21,0,0,1,0,1,0,0,3,0,3
DER-3-169,"Unit 9, including Water Canyon WMA: restricted muzzleloader only",FAD,10,47,40,36,123,46,40,36,122,0,0,0,0,1,0,0,1,9,0,1,10,90,0,10,100,6,3,0,0,9,0,0,0,0,0,1,0,0,0,1
DER-3-176,Unit 10,FAD,90,165,143,119,427,163,132,116,411,2,10,3,15,0,1,0,1,84,5,1,90,93.33,5.56,1.11,100,50,18,16,0,84,0,4,1,0,5,0,1,0,0,1
DER-3-179,Unit 12,FAD,40,17,21,38,76,16,18,31,65,1,3,6,10,0,0,1,1,38,2,0,40,95,5,0,100,14,11,13,0,38,1,0,1,0,2,0,0,0,0,0
DER-3-185,Unit 13,FAD,200,124,164,203,491,113,147,193,453,11,11,10,32,0,6,0,6,186,12,2,200,93,6,1,100,71,65,50,0,186,4,3,5,0,12,0,2,0,0,2
DER-3-189,Unit 14,FAD,55,360,296,163,819,342,278,151,771,11,13,7,31,7,5,5,17,47,3,5,55,85.45,5.46,9.09,100,31,14,2,0,47,3,0,0,0,3,3,2,0,0,5
DER-3-192,Unit 15,FAD,165,344,239,255,838,303,206,219,728,37,30,27,94,4,3,9,16,146,10,9,165,88.48,6.07,5.45,100,114,17,15,0,146,7,2,1,0,10,4,0,5,0,9
DER-3-193,Unit 15: youth only,FAD,100,21,26,36,83,16,18,25,59,1,5,11,17,4,3,0,7,49,15,7,71,49,15,7,71,16,11,20,2,49,1,5,9,0,15,4,3,0,0,7
DER-3-200,Unit 16,FAD,300,282,303,277,862,245,261,247,753,36,40,25,101,1,2,5,8,279,18,3,300,93,6,1,100,151,65,63,0,279,16,2,0,0,18,1,0,2,0,3
DER-3-206,Unit 17,FAD,80,243,200,208,651,227,186,177,590,10,11,22,43,6,3,9,18,68,4,8,80,85,5,10,100,48,14,6,0,68,2,2,0,0,4,4,1,3,0,8
DER-3-211,Unit 18,FAD,75,34,40,104,178,29,38,93,160,3,2,7,12,2,0,4,6,68,5,2,75,90.67,6.67,2.66,100,21,18,29,0,68,2,1,2,0,5,2,0,0,0,2
DER-3-215,Unit 19: except the White Sands missile range portion and Ft. Bliss,FAD,10,119,59,51,229,103,53,41,197,0,0,0,0,16,6,10,32,9,0,1,10,90,0,10,100,6,3,0,0,9,0,0,0,0,0,1,0,0,0,1
DER-3-220,Unit 20,FAD,85,34,56,75,165,34,51,70,155,0,1,3,4,0,4,2,6,80,2,3,85,94.12,2.35,3.53,100,26,30,24,0,80,0,0,2,0,2,0,3,0,0,3
DER-3-226,Unit 21,FAD,350,73,76,176,325,64,63,150,277,8,13,26,47,1,0,0,1,292,38,1,331,83.43,10.86,0.29,94.58,64,31,82,115,292,8,9,15,6,38,1,0,0,0,1
DER-3-233,Unit 22,FAD,65,21,27,35,83,16,22,29,67,5,5,6,16,0,0,0,0,37,12,0,49,56.92,18.46,0,75.38,16,16,5,0,37,4,5,3,0,12,0,0,0,0,0
DER-3-243,Unit 23: except the Burro mountains hunt area,FAMD,225,59,90,128,277,39,67,104,210,20,22,23,65,0,1,1,2,119,40,1,160,52.89,17.78,0.44,71.11,39,37,43,0,119,19,11,10,0,40,0,1,0,0,1
DER-3-244,Unit 23: except the Burro mountains hunt area,FAWTD,75,8,25,52,85,5,14,44,63,3,11,6,20,0,0,2,2,29,13,0,42,38.67,17.33,0,56,5,3,21,0,29,3,7,3,0,13,0,0,0,0,0
DER-3-251,Unit 23: Burro mountains hunt area only,FAMD,40,75,72,61,208,63,63,41,167,11,8,17,36,1,1,3,5,34,2,4,40,85,5,10,100,18,15,1,0,34,1,1,0,0,2,1,0,3,0,4
DER-3-252,Unit 23: Burro mountains hunt area only,FAWTD,40,33,24,44,101,31,18,36,85,1,2,8,11,1,4,0,5,37,2,1,40,92.5,5,2.5,100,25,3,9,0,37,0,2,0,0,2,1,0,0,0,1
DER-3-263,Unit 24: excluding Fort Bayard management area,FAMD,280,78,77,124,279,72,68,112,252,6,9,12,27,0,0,0,0,142,23,0,165,50.71,8.21,0,58.92,72,30,40,0,142,6,5,12,0,23,0,0,0,0,0
DER-3-264,Unit 24: excluding Fort Bayard management area,FAWTD,75,12,16,30,58,11,13,22,46,1,3,6,10,0,0,2,2,21,7,0,28,28,9.33,0,37.33,11,5,5,0,21,1,2,4,0,7,0,0,0,0,0
DER-3-269,Unit 25,FAD,45,21,11,40,72,18,9,38,65,3,2,2,7,0,0,0,0,42,3,0,45,93.33,6.67,0,100,16,4,22,0,42,2,0,1,0,3,0,0,0,0,0
DER-3-274,Unit 26,FAD,60,7,10,19,36,5,7,14,26,2,2,5,9,0,1,0,1,14,5,0,19,23.33,8.33,0,31.66,5,4,5,0,14,2,0,3,0,5,0,0,0,0,0
DER-3-285,Unit 27,FAMD,40,13,12,28,53,11,8,20,39,2,4,8,14,0,0,0,0,20,9,0,29,50,22.5,0,72.5,11,4,5,0,20,2,3,4,0,9,0,0,0,0,0
DER-3-286,Unit 27,FAWTD,50,18,22,32,72,8,14,18,40,6,8,13,27,4,0,1,5,25,19,4,48,50,38,8,96,8,6,11,0,25,4,5,10,0,19,4,0,0,0,4
DER-3-293,Unit 29,FAD,70,4,19,15,38,3,12,13,28,1,7,2,10,0,0,0,0,55,8,0,63,78.57,11.43,0,90,3,10,5,37,55,1,5,0,2,8,0,0,0,0,0
DER-3-299,Unit 30,FAD,325,158,106,176,440,117,88,137,342,41,18,37,96,0,0,2,2,231,63,0,294,71.08,19.38,0,90.46,116,46,69,0,231,33,5,25,0,63,0,0,0,0,0
DER-3-304,Unit 31,FAD,175,130,110,234,474,98,78,184,360,23,27,41,91,9,5,9,23,147,11,17,175,84,6.29,9.71,100,69,16,62,0,147,8,0,3,0,11,9,5,3,0,17
DER-3-311,Unit 32,FAD,175,72,61,103,236,63,52,88,203,9,7,15,31,0,2,0,2,122,25,2,149,69.71,14.29,1.14,85.14,63,24,35,0,122,9,6,10,0,25,0,2,0,0,2
DER-3-316,Unit 33: restricted muzzleloader only,FAD,140,91,63,128,282,75,49,104,228,16,12,13,41,0,2,11,13,125,8,7,140,89.29,5.71,5,100,66,23,36,0,125,5,1,2,0,8,0,2,5,0,7
DER-3-317,"Unit 33: Huey WMA only, youth only",ES,5,25,8,18,51,25,8,18,51,0,0,0,0,0,0,0,0,5,0,0,5,100,0,0,100,4,0,1,0,5,0,0,0,0,0,0,0,0,0,0
DER-3-318,"Unit 33: Huey WMA only, youth only",A,5,0,9,4,13,0,9,4,13,0,0,0,0,0,0,0,0,5,0,0,5,100,0,0,100,0,4,1,0,5,0,0,0,0,0,0,0,0,0,0
DER-3-325,Unit 34,FAD,340,234,177,349,760,203,165,304,672,31,12,40,83,0,0,5,5,318,20,2,340,93.53,5.88,0.59,100,164,77,77,0,318,15,2,3,0,20,0,0,2,0,2
DER-3-331,Unit 36,FAD,115,128,168,162,458,119,140,127,386,7,28,32,67,2,0,3,5,106,7,2,115,92.17,6.09,1.74,100,59,22,25,0,106,2,2,3,0,7,2,0,0,0,2
DER-3-332,Unit 36: youth only,FAD,25,4,7,19,30,2,7,18,27,2,0,1,3,0,0,0,0,17,2,0,19,68,8,0,76,2,5,10,0,17,2,0,0,0,2,0,0,0,0,0
DER-3-337,Unit 37,FAD,125,111,94,134,339,102,77,124,303,9,15,10,34,0,2,0,2,117,8,0,125,93.6,6.4,0,100,65,18,34,0,117,5,3,0,0,8,0,0,0,0,0
DER-3-342,Unit 38,FAD,100,29,40,57,126,29,40,56,125,0,0,1,1,0,0,0,0,84,0,0,84,84,0,0,84,29,26,29,0,84,0,0,0,0,0,0,0,0,0,0
DER-3-347,Unit 39,FAD,40,8,6,21,35,7,5,21,33,1,1,0,2,0,0,0,0,23,2,0,25,57.5,5,0,62.5,7,1,15,0,23,1,1,0,0,2,0,0,0,0,0
DER-3-352,Unit 40,FAD,30,2,1,12,15,2,0,10,12,0,1,1,2,0,0,1,1,4,1,0,5,13.33,3.33,0,16.66,2,0,2,0,4,0,1,0,0,1,0,0,0,0,0
DER-3-360,Unit 41,FAD,25,35,13,27,75,28,10,20,58,2,3,6,11,5,0,1,6,21,2,2,25,84,8,8,100,20,0,1,0,21,1,1,0,0,2,2,0,0,0,2
DER-3-365,Unit 42,FAD,15,7,5,21,33,7,3,19,29,0,2,2,4,0,0,0,0,14,1,0,15,93.33,6.67,0,100,7,1,6,0,14,0,1,0,0,1,0,0,0,0,0
DER-3-368,Unit 43,FAD,15,14,39,19,72,14,38,19,71,0,1,0,1,0,0,0,0,15,0,0,15,100,0,0,100,8,2,5,0,15,0,0,0,0,0,0,0,0,0,0
DER-3-374,Unit 45,FAD,160,313,241,306,860,293,222,273,788,18,15,29,62,2,4,4,10,146,9,5,160,91.24,5.63,3.13,100,93,30,23,0,146,3,4,2,0,9,2,1,2,0,5
DER-3-378,Unit 47,FAD,20,15,4,17,36,14,4,13,31,1,0,4,5,0,0,0,0,19,1,0,20,95,5,0,100,11,4,4,0,19,1,0,0,0,1,0,0,0,0,0
DER-3-382,Unit 48,FAD,30,54,59,55,168,54,52,44,150,0,5,10,15,0,2,1,3,28,1,1,30,93.34,3.33,3.33,100,17,7,4,0,28,0,0,1,0,1,0,1,0,0,1
DER-3-397,Unit 52: restricted muzzleloader only,FAD,25,85,66,75,226,76,56,67,199,7,9,8,24,2,1,0,3,21,2,2,25,84,8,8,100,17,2,2,0,21,2,0,0,0,2,2,0,0,0,2
DER-3-414,Unit 56,FAD,15,2,4,7,13,1,3,6,10,1,1,1,3,0,0,0,0,14,1,0,15,93.33,6.67,0,100,1,2,5,6,14,1,0,0,0,1,0,0,0,0,0
DER-3-421,Unit 57 (excluding Sugarite Canyon State Park),FAD,15,27,8,16,51,14,6,14,34,8,0,2,10,5,2,0,7,13,1,1,15,86.67,6.67,6.66,100,7,0,6,0,13,1,0,0,0,1,1,0,0,0,1
DER-3-428,Unit 58,FAD,25,8,19,13,40,8,15,11,34,0,4,2,6,0,0,0,0,23,2,0,25,92,8,0,100,8,8,7,0,23,0,2,0,0,2,0,0,0,0,0
DER-3-435,Unit 59,FAD,25,1,3,6,10,1,2,4,7,0,1,2,3,0,0,0,0,24,1,0,25,96,4,0,100,1,0,3,20,24,0,1,0,0,1,0,0,0,0,0
