Hunt Code,Unit/Description,Bag,Licenses,1st_choice_total_submissions,2nd_choice_total_submissions,3rd_choice_total_submissions,Total_all_submissions,1st_resident,2nd_resident,3rd_resident,Total_resident,1st_nonresident,2nd_nonresident,3rd_nonresident,Total_nonresident,1st_outfitter,2nd_outfitter,3rd_outfitter,Total_outfitter,Resident_successful_draw_total,Nonresident_successful_draw_total,Outiftter_successful_draw_total,Total_drawn,Resident_percentage_allocation,nonresident_percentage_allocation,outfitter_percentage_allocation,total_allocation_of_available_tags,resident_1st_success,resident_2nd_success,resident_3rd_success,resident_4th_success,resident_total_success,nonresident_1st_success,nonresident_2nd_success,nonresident_3rd_success,nonresident_4th_success,nonresident_total_success,outfitter_1st_success,outfitter_2nd_success,outfitter_3rd_success,outfitter_4th_success,outfitter_total_success
ELK-1-132,Unit 2,MB,85,1319,766,867,2952,1111,606,642,2359,157,96,117,370,51,64,108,223,72,5,8,85,84.71,5.88,9.41,100,68,4,0,0,72,0,5,0,0,5,3,5,0,0,8
ELK-1-133,Unit 2,A,125,649,807,585,2041,645,798,583,2026,0,0,0,0,4,9,2,15,118,0,7,125,94.4,0,5.6,100,80,32,6,0,118,0,0,0,0,0,4,3,0,0,7
ELK-1-134,Unit 2 youth only,A,75,126,83,94,303,123,82,91,296,0,0,0,0,3,1,3,7,70,0,5,75,93.33,0,6.67,100,38,15,17,0,70,0,0,0,0,0,3,0,2,0,5
ELK-1-135,Unit 2C,A,75,245,480,598,1323,240,476,593,1309,0,0,0,0,5,4,5,14,70,0,5,75,93.33,0,6.67,100,49,17,4,0,70,0,0,0,0,0,5,0,0,0,5
ELK-1-138,Unit 5A public land only,MB,10,73,55,51,179,70,52,47,169,1,1,3,5,2,2,1,5,9,0,1,10,90,0,10,100,9,0,0,0,9,0,0,0,0,0,1,0,0,0,1
ELK-1-139,Unit 5A public land only,A,10,26,17,41,84,26,17,41,84,0,0,0,0,0,0,0,0,10,0,0,10,100,0,0,100,6,2,2,0,10,0,0,0,0,0,0,0,0,0,0
ELK-1-140,Unit 5A public land only,MB,10,34,43,39,116,33,40,34,107,0,1,3,4,1,2,2,5,9,0,1,10,90,0,10,100,5,4,0,0,9,0,0,0,0,0,0,1,0,0,1
ELK-1-141,Unit 5A public land only,A,10,9,30,18,57,9,30,18,57,0,0,0,0,0,0,0,0,10,0,0,10,100,0,0,100,3,6,1,0,10,0,0,0,0,0,0,0,0,0,0
ELK-1-142,Unit 5A public land only,MB,10,12,29,33,74,11,29,29,69,0,0,2,2,1,0,2,3,9,0,1,10,90,0,10,100,3,3,3,0,9,0,0,0,0,0,1,0,0,0,1
ELK-1-143,Unit 5A public land only,A,10,6,15,25,46,6,15,25,46,0,0,0,0,0,0,0,0,10,0,0,10,100,0,0,100,3,2,5,0,10,0,0,0,0,0,0,0,0,0,0
ELK-1-144,Unit 5A public land only,MB,10,85,50,46,181,78,42,41,161,1,5,3,9,6,3,2,11,9,0,1,10,90,0,10,100,9,0,0,0,9,0,0,0,0,0,0,0,1,0,1
ELK-1-145,Unit 5A public land only,A,10,13,35,30,78,13,35,30,78,0,0,0,0,0,0,0,0,10,0,0,10,100,0,0,100,4,3,3,0,10,0,0,0,0,0,0,0,0,0,0
ELK-1-160,Unit 10,MB,70,589,379,362,1330,508,311,288,1107,56,31,37,124,25,37,37,99,59,4,7,70,84.29,5.71,10,100,57,1,1,0,59,2,0,2,0,4,4,0,3,0,7
ELK-1-161,Unit 10 youth only,A,120,74,61,62,197,74,61,62,197,0,0,0,0,0,0,0,0,120,0,0,120,100,0,0,100,54,37,29,0,120,0,0,0,0,0,0,0,0,0,0
ELK-1-162,Unit 10,A,100,183,275,290,748,183,275,290,748,0,0,0,0,0,0,0,0,100,0,0,100,100,0,0,100,48,35,17,0,100,0,0,0,0,0,0,0,0,0,0
ELK-1-165,Unit 4: Sargent WMA only,MB/A,10,407,188,119,714,396,185,118,699,0,0,0,0,11,3,1,15,9,0,1,10,90,0,10,100,9,0,0,0,9,0,0,0,0,0,1,0,0,0,1
ELK-1-166,Unit 4: Sargent WMA only,MB/A,10,98,192,71,361,94,186,69,349,0,0,0,0,4,6,2,12,9,0,1,10,90,0,10,100,5,4,0,0,9,0,0,0,0,0,0,0,1,0,1
ELK-1-167,Unit 4: Sargent WMA only,MB/A,10,69,74,104,247,68,74,103,245,0,0,0,0,1,0,1,2,9,0,1,10,90,0,10,100,1,5,3,0,9,0,0,0,0,0,0,0,1,0,1
ELK-1-168,Unit 4: Sargent WMA only,MB/A,10,53,56,76,185,49,54,74,177,0,0,0,0,4,2,2,8,9,0,1,10,90,0,10,100,4,5,0,0,9,0,0,0,0,0,0,0,1,0,1
ELK-1-169,Unit 4: Sargent WMA only,A,10,42,27,32,101,42,27,32,101,0,0,0,0,0,0,0,0,10,0,0,10,100,0,0,100,5,3,2,0,10,0,0,0,0,0,0,0,0,0,0
ELK-1-170,"Unit 4: Sargent WMA only, youth only",A,10,20,29,20,69,20,29,19,68,0,0,0,0,0,0,1,1,10,0,0,10,100,0,0,100,9,0,1,0,10,0,0,0,0,0,0,0,0,0,0
ELK-1-173,Unit 4: Humphries/ Rio Chama WMAs only,MB/A,15,159,127,99,385,152,127,98,377,0,0,0,0,7,0,1,8,14,0,1,15,93.33,0,6.67,100,8,6,0,0,14,0,0,0,0,0,1,0,0,0,1
ELK-1-174,Unit 4: Humphries/ Rio Chama WMAs only,MB/A,15,62,146,102,310,61,144,98,303,0,0,0,0,1,2,4,7,14,0,1,15,93.33,0,6.67,100,3,8,3,0,14,0,0,0,0,0,0,1,0,0,1
ELK-1-175,Unit 4: Humphries/ Rio Chama WMAs only,A,10,43,35,48,126,43,34,48,125,0,0,0,0,0,1,0,1,9,0,1,10,90,0,10,100,8,0,1,0,9,0,0,0,0,0,0,1,0,0,1
ELK-1-176,"Unit 4: Humphries/ Rio Chama WMAs only, youth only",A,15,27,33,29,89,27,33,29,89,0,0,0,0,0,0,0,0,15,0,0,15,100,0,0,100,5,9,1,0,15,0,0,0,0,0,0,0,0,0,0
ELK-1-177,Unit 4: Rio Chama WMA only,A,20,23,43,53,119,23,43,52,118,0,0,0,0,0,0,1,1,19,0,1,20,95,0,5,100,4,8,7,0,19,0,0,0,0,0,0,0,1,0,1
ELK-1-180,Unit 5B,MB,86,504,424,371,1299,426,334,265,1025,44,69,83,196,34,21,23,78,73,5,8,86,84.89,5.81,9.3,100,50,19,4,0,73,2,1,2,0,5,5,2,1,0,8
ELK-1-181,Unit 5B,A,59,200,160,173,533,200,160,173,533,0,0,0,0,0,0,0,0,59,0,0,59,100,0,0,100,45,5,9,0,59,0,0,0,0,0,0,0,0,0,0
ELK-1-182,Unit 5B,MB,86,130,311,253,694,104,234,161,499,16,43,57,116,10,34,35,79,73,5,8,86,84.89,5.81,9.3,100,31,33,9,0,73,1,2,2,0,5,2,3,3,0,8
ELK-1-183,Unit 5B,A,59,53,207,178,438,53,206,178,437,0,0,0,0,0,1,0,1,59,0,0,59,100,0,0,100,18,24,17,0,59,0,0,0,0,0,0,0,0,0,0
ELK-1-184,Unit 5B,MB,87,185,174,300,659,130,122,174,426,46,44,54,144,9,8,72,89,74,5,8,87,85.05,5.75,9.2,100,41,16,17,0,74,5,0,0,0,5,5,1,2,0,8
ELK-1-185,Unit 5B,A,59,93,66,153,312,89,64,152,305,0,0,0,0,4,2,1,7,55,0,4,59,93.22,0,6.78,100,27,13,15,0,55,0,0,0,0,0,4,0,0,0,4
ELK-1-186,Unit 5B,MB,87,261,181,272,714,160,145,214,519,67,25,27,119,34,11,31,76,74,5,8,87,85.05,5.75,9.2,100,39,18,17,0,74,4,0,1,0,5,7,0,1,0,8
ELK-1-189,Unit 50,MB,120,131,145,253,529,79,93,158,330,45,44,73,162,7,8,22,37,101,7,12,120,84.17,5.83,10,100,37,30,34,0,101,3,0,4,0,7,2,3,7,0,12
ELK-1-190,Unit 50,MB,125,73,108,215,396,54,60,137,251,19,48,75,142,0,0,3,3,117,8,0,125,93.6,6.4,0,100,43,32,42,0,117,2,2,4,0,8,0,0,0,0,0
ELK-1-191,Unit 50,A,42,58,39,75,172,58,39,75,172,0,0,0,0,0,0,0,0,42,0,0,42,100,0,0,100,29,4,9,0,42,0,0,0,0,0,0,0,0,0,0
ELK-1-192,Unit 50,A,45,62,82,124,268,62,82,124,268,0,0,0,0,0,0,0,0,45,0,0,45,100,0,0,100,28,11,6,0,45,0,0,0,0,0,0,0,0,0,0
ELK-1-195,Unit 51,MB,220,1973,1069,1142,4184,1460,766,825,3051,279,204,196,679,234,99,121,454,185,13,22,220,84.09,5.91,10,100,162,17,6,0,185,11,1,1,0,13,17,2,3,0,22
ELK-1-196,Unit 51,MB,220,293,1268,651,2212,220,961,436,1617,46,187,113,346,27,120,102,249,185,13,22,220,84.09,5.91,10,100,50,120,15,0,185,2,8,3,0,13,8,8,6,0,22
ELK-1-197,Unit 51,MB,220,277,330,958,1565,232,245,689,1166,38,59,189,286,7,26,80,113,185,13,22,220,84.09,5.91,10,100,72,37,76,0,185,5,3,5,0,13,6,4,12,0,22
ELK-1-198,Unit 51,A,251,642,408,631,1681,640,405,630,1675,0,0,0,0,2,3,1,6,246,0,5,251,98.01,0,1.99,100,177,34,35,0,246,0,0,0,0,0,2,3,0,0,5
ELK-1-199,Unit 51,A,251,236,747,495,1478,236,747,493,1476,0,0,0,0,0,0,2,2,251,0,0,251,100,0,0,100,104,92,55,0,251,0,0,0,0,0,0,0,0,0,0
ELK-1-200,Unit 51,A,252,317,364,797,1478,316,364,796,1476,0,0,0,0,1,0,1,2,251,0,1,252,99.6,0,0.4,100,144,55,52,0,251,0,0,0,0,0,1,0,0,0,1
ELK-1-207,Unit 52,MB,230,1090,1027,976,3093,842,768,689,2299,136,123,178,437,112,136,109,357,194,13,23,230,84.35,5.65,10,100,123,52,19,0,194,10,1,2,0,13,17,6,0,0,23
ELK-1-208,Unit 52,MB,230,327,833,752,1912,222,598,525,1345,75,147,141,363,30,88,86,204,194,13,23,230,84.35,5.65,10,100,70,83,41,0,194,7,5,1,0,13,8,3,12,0,23
ELK-1-209,Unit 52 youth only,A,80,86,69,121,276,86,68,119,273,0,0,0,0,0,1,2,3,77,0,3,80,96.25,0,3.75,100,34,16,27,0,77,0,0,0,0,0,0,1,2,0,3
ELK-1-210,Unit 52 mobility impaired only,A,56,55,23,38,116,55,23,38,116,0,0,0,0,0,0,0,0,56,0,0,56,100,0,0,100,34,7,15,0,56,0,0,0,0,0,0,0,0,0,0
ELK-1-211,Unit 52,A,73,333,448,456,1237,333,447,456,1236,0,0,0,0,0,1,0,1,73,0,0,73,100,0,0,100,62,6,5,0,73,0,0,0,0,0,0,0,0,0,0
ELK-1-212,Unit 52,A,115,317,414,463,1194,315,409,460,1184,0,0,0,0,2,5,3,10,111,0,4,115,96.52,0,3.48,100,80,28,3,0,111,0,0,0,0,0,2,2,0,0,4
ELK-1-216,Unit 6A,MB,100,1289,949,777,3015,980,711,638,2329,151,124,101,376,158,114,38,310,84,6,10,100,84,6,10,100,63,14,7,0,84,2,3,1,0,6,8,2,0,0,10
ELK-1-217,Unit 6A,MB,103,449,910,642,2001,328,695,445,1468,43,98,120,261,78,117,77,272,87,6,10,103,84.47,5.82,9.71,100,56,28,3,0,87,1,0,5,0,6,9,1,0,0,10
ELK-1-218,Unit 6A,A,99,535,353,641,1529,530,352,637,1519,0,0,0,0,5,1,4,10,93,0,6,99,93.94,0,6.06,100,77,11,5,0,93,0,0,0,0,0,5,0,1,0,6
ELK-1-225,Unit 6B,ES,15,2452,880,505,3837,1683,684,366,2733,483,134,97,714,286,62,42,390,13,1,1,15,86.67,6.67,6.66,100,12,1,0,0,13,1,0,0,0,1,1,0,0,0,1
ELK-1-226,Unit 6B,A,20,174,192,152,518,174,191,152,517,0,0,0,0,0,1,0,1,19,0,1,20,95,0,5,100,8,5,6,0,19,0,0,0,0,0,0,1,0,0,1
ELK-1-227,Unit 6B,ES,20,819,923,493,2235,569,663,362,1594,182,173,79,434,68,87,52,207,17,1,2,20,85,5,10,100,15,2,0,0,17,1,0,0,0,1,1,1,0,0,2
ELK-1-228,Unit 6B,A,15,51,100,57,208,51,100,57,208,0,0,0,0,0,0,0,0,15,0,0,15,100,0,0,100,7,7,1,0,15,0,0,0,0,0,0,0,0,0,0
ELK-1-229,Unit 6B youth only,A,35,120,78,50,248,120,78,50,248,0,0,0,0,0,0,0,0,35,0,0,35,100,0,0,100,26,6,3,0,35,0,0,0,0,0,0,0,0,0,0
ELK-1-230,Unit 6B,A,35,71,80,112,263,70,80,110,260,0,0,0,0,1,0,2,3,34,0,1,35,97.14,0,2.86,100,19,9,6,0,34,0,0,0,0,0,1,0,0,0,1
ELK-1-231,Unit 6B,A,35,76,106,116,298,76,106,116,298,0,0,0,0,0,0,0,0,35,0,0,35,100,0,0,100,19,8,8,0,35,0,0,0,0,0,0,0,0,0,0
ELK-1-232,Unit 6B youth only,A,35,68,82,71,221,67,82,71,220,0,0,0,0,1,0,0,1,34,0,1,35,97.14,0,2.86,100,13,13,8,0,34,0,0,0,0,0,1,0,0,0,1
ELK-1-233,Unit 6B,A,35,85,70,147,302,85,70,147,302,0,0,0,0,0,0,0,0,35,0,0,35,100,0,0,100,21,3,11,0,35,0,0,0,0,0,0,0,0,0,0
ELK-1-237,Unit 6C,MB,105,625,802,722,2149,507,575,544,1626,50,107,103,260,68,120,75,263,89,6,10,105,84.76,5.72,9.52,100,65,16,8,0,89,0,2,4,0,6,4,3,3,0,10
ELK-1-238,Unit 6C,MB,105,204,520,509,1233,160,382,308,850,26,73,86,185,18,65,115,198,89,6,10,105,84.76,5.72,9.52,100,34,42,13,0,89,1,2,3,0,6,1,2,7,0,10
ELK-1-239,Unit 6C,A,110,235,317,365,917,235,317,365,917,0,0,0,0,0,0,0,0,110,0,0,110,100,0,0,100,56,30,24,0,110,0,0,0,0,0,0,0,0,0,0
ELK-1-240,Unit 6C,A,110,170,260,322,752,170,260,321,751,0,0,0,0,0,0,1,1,110,0,0,110,100,0,0,100,52,37,21,0,110,0,0,0,0,0,0,0,0,0,0
ELK-1-244,Unit 7,MB,30,69,121,154,344,62,96,108,266,7,20,18,45,0,5,28,33,26,1,3,30,86.67,3.33,10,100,11,11,4,0,26,1,0,0,0,1,0,0,3,0,3
ELK-1-245,Unit 7,A,50,64,63,136,263,64,63,135,262,0,0,0,0,0,0,1,1,49,0,1,50,98,0,2,100,21,7,21,0,49,0,0,0,0,0,0,0,1,0,1
ELK-1-248,Unit 12,MB,35,611,303,290,1204,334,182,149,665,118,44,63,225,159,77,78,314,30,2,3,35,85.71,5.72,8.57,100,29,1,0,0,30,2,0,0,0,2,3,0,0,0,3
ELK-1-249,Unit 12,MB,60,198,383,249,830,114,249,127,490,36,65,35,136,48,69,87,204,51,3,6,60,85,5,10,100,20,29,2,0,51,1,2,0,0,3,0,2,4,0,6
ELK-1-250,Unit 12,MB,80,131,200,332,663,75,127,211,413,28,36,62,126,28,37,59,124,68,4,8,80,85,5,10,100,29,21,18,0,68,1,1,2,0,4,4,2,2,0,8
ELK-1-251,Unit 12,MB,80,111,150,287,548,62,79,191,332,30,43,63,136,19,28,33,80,68,4,8,80,85,5,10,100,23,19,26,0,68,3,0,1,0,4,1,3,4,0,8
ELK-1-252,Unit 12,A,60,159,106,138,403,159,106,137,402,0,0,0,0,0,0,1,1,59,0,1,60,98.33,0,1.67,100,39,10,10,0,59,0,0,0,0,0,0,0,1,0,1
ELK-1-253,Unit 12,A,60,60,186,116,362,60,186,116,362,0,0,0,0,0,0,0,0,60,0,0,60,100,0,0,100,19,27,14,0,60,0,0,0,0,0,0,0,0,0,0
ELK-1-254,Unit 12,A,64,53,67,197,317,53,67,197,317,0,0,0,0,0,0,0,0,64,0,0,64,100,0,0,100,17,13,34,0,64,0,0,0,0,0,0,0,0,0,0
ELK-1-274,Unit 16A mobility impaired only,MB,25,320,217,68,605,233,142,56,431,30,22,4,56,57,53,8,118,21,1,3,25,84,4,12,100,19,2,0,0,21,1,0,0,0,1,3,0,0,0,3
ELK-1-275,Unit 16A,MB,75,3633,2413,1440,7486,1717,1015,751,3483,1271,651,414,2336,645,747,275,1667,63,5,7,75,84,6.67,9.33,100,62,1,0,0,63,5,0,0,0,5,7,0,0,0,7
ELK-1-276,Unit 16A,MB,100,1027,1608,1156,3791,547,909,508,1964,260,372,268,900,220,327,380,927,84,6,10,100,84,6,10,100,40,42,2,0,84,5,0,1,0,6,4,2,4,0,10
ELK-1-277,Unit 16A,A,75,480,383,473,1336,474,381,472,1327,0,0,0,0,6,2,1,9,68,0,7,75,90.67,0,9.33,100,62,2,4,0,68,0,0,0,0,0,6,1,0,0,7
ELK-1-278,Unit 16A,A,75,86,332,252,670,86,329,251,666,0,0,0,0,0,3,1,4,74,0,1,75,98.67,0,1.33,100,10,40,24,0,74,0,0,0,0,0,0,1,0,0,1
ELK-1-281,Unit 16B/22,MB,25,840,425,582,1847,459,235,296,990,266,166,216,648,115,24,70,209,21,2,2,25,84,8,8,100,19,2,0,0,21,2,0,0,0,2,0,1,1,0,2
ELK-1-282,Unit 16B/22,MB,80,214,518,283,1015,122,317,172,611,52,126,76,254,40,75,35,150,68,4,8,80,85,5,10,100,18,42,8,0,68,0,4,0,0,4,0,5,3,0,8
ELK-1-283,Unit 16B/22,MB,120,238,312,485,1035,147,206,316,669,66,84,104,254,25,22,65,112,101,7,12,120,84.17,5.83,10,100,45,24,32,0,101,1,1,5,0,7,1,2,9,0,12
ELK-1-286,Unit 16C youth only,ES,25,381,467,324,1172,298,278,181,757,55,110,96,261,28,79,47,154,21,2,2,25,84,8,8,100,19,2,0,0,21,0,2,0,0,2,0,2,0,0,2
ELK-1-287,Unit 16C,MB,35,398,403,450,1251,325,287,295,907,51,73,90,214,22,43,65,130,30,2,3,35,85.71,5.72,8.57,100,24,6,0,0,30,2,0,0,0,2,0,3,0,0,3
ELK-1-288,Unit 16C,MB,65,169,394,330,893,129,296,195,620,37,64,71,172,3,34,64,101,55,4,6,65,84.62,6.15,9.23,100,25,26,4,0,55,3,0,1,0,4,0,1,5,0,6
ELK-1-289,Unit 16C,A,50,138,182,221,541,136,182,219,537,0,0,0,0,2,0,2,4,48,0,2,50,96,0,4,100,37,7,4,0,48,0,0,0,0,0,2,0,0,0,2
ELK-1-290,Unit 16C,A,48,37,117,89,243,37,116,89,242,0,0,0,0,0,1,0,1,48,0,0,48,100,0,0,100,13,15,20,0,48,0,0,0,0,0,0,0,0,0,0
ELK-1-293,Unit 16D mobility impaired only,MB,25,250,265,78,593,163,184,67,414,33,29,4,66,54,52,7,113,21,2,2,25,84,8,8,100,15,6,0,0,21,2,0,0,0,2,0,2,0,0,2
ELK-1-294,Unit 16D,MB,55,2707,2057,1173,5937,1190,841,717,2748,627,805,302,1734,890,411,154,1455,47,3,5,55,85.45,5.46,9.09,100,37,7,3,0,47,3,0,0,0,3,5,0,0,0,5
ELK-1-295,Unit 16D,MB,50,571,946,756,2273,216,519,343,1078,175,209,187,571,180,218,226,624,42,3,5,50,84,6,10,100,24,17,1,0,42,1,2,0,0,3,4,1,0,0,5
ELK-1-296,Unit 16D,A,50,264,270,388,922,264,267,385,916,0,0,0,0,0,3,3,6,50,0,0,50,100,0,0,100,34,9,7,0,50,0,0,0,0,0,0,0,0,0,0
ELK-1-297,Unit 16D,A,50,72,190,210,472,72,189,210,471,0,0,0,0,0,1,0,1,50,0,0,50,100,0,0,100,18,19,13,0,50,0,0,0,0,0,0,0,0,0,0
ELK-1-300,Unit 16E youth only,ES,25,213,413,358,984,128,219,141,488,59,134,109,302,26,60,108,194,21,2,2,25,84,8,8,100,13,5,3,0,21,1,1,0,0,2,0,0,2,0,2
ELK-1-302,Unit 16E,MB,53,304,232,321,857,213,155,191,559,48,48,64,160,43,29,66,138,45,3,5,53,84.91,5.66,9.43,100,40,4,1,0,45,2,0,1,0,3,1,1,3,0,5
ELK-1-303,Unit 16E,A,75,100,92,177,369,100,92,177,369,0,0,0,0,0,0,0,0,75,0,0,75,100,0,0,100,38,14,23,0,75,0,0,0,0,0,0,0,0,0,0
ELK-1-304,Unit 16E,A,75,28,112,126,266,28,112,126,266,0,0,0,0,0,0,0,0,75,0,0,75,100,0,0,100,19,35,21,0,75,0,0,0,0,0,0,0,0,0,0
ELK-1-316,Unit 21A,MB,15,352,151,144,647,222,95,101,418,48,23,24,95,82,33,19,134,13,1,1,15,86.67,6.67,6.66,100,12,0,1,0,13,1,0,0,0,1,1,0,0,0,1
ELK-1-317,Unit 21A,MB,35,148,270,144,562,44,159,96,299,26,33,25,84,78,78,23,179,30,2,3,35,85.71,5.72,8.57,100,13,14,3,0,30,1,1,0,0,2,1,2,0,0,3
ELK-1-318,Unit 21A,MB,55,128,180,246,554,75,67,127,269,14,47,53,114,39,66,66,171,47,3,5,55,85.45,5.46,9.09,100,16,17,14,0,47,1,1,1,0,3,1,3,1,0,5
ELK-1-319,Unit 21A,A,30,55,60,99,214,55,60,98,213,0,0,0,0,0,0,1,1,30,0,0,30,100,0,0,100,19,6,5,0,30,0,0,0,0,0,0,0,0,0,0
ELK-1-323,Unit 21B,MB,10,86,57,78,221,66,50,69,185,3,3,2,8,17,4,7,28,9,0,1,10,90,0,10,100,9,0,0,0,9,0,0,0,0,0,1,0,0,0,1
ELK-1-324,Unit 21B,MB,15,23,66,44,133,17,43,36,96,5,13,6,24,1,10,2,13,13,1,1,15,86.67,6.67,6.66,100,5,6,2,0,13,0,1,0,0,1,1,0,0,0,1
ELK-1-325,Unit 21B,MB,25,22,59,90,171,17,50,49,116,3,5,21,29,2,4,20,26,21,2,2,25,84,8,8,100,4,13,4,0,21,1,0,1,0,2,0,0,2,0,2
ELK-1-326,Unit 21B,A,15,30,23,53,106,30,23,53,106,0,0,0,0,0,0,0,0,15,0,0,15,100,0,0,100,9,4,2,0,15,0,0,0,0,0,0,0,0,0,0
ELK-1-327,Unit 21B,A,15,10,26,25,61,10,26,25,61,0,0,0,0,0,0,0,0,15,0,0,15,100,0,0,100,8,6,1,0,15,0,0,0,0,0,0,0,0,0,0
ELK-1-328,Unit 21B,A,15,24,24,27,75,24,24,27,75,0,0,0,0,0,0,0,0,15,0,0,15,100,0,0,100,10,1,4,0,15,0,0,0,0,0,0,0,0,0,0
ELK-1-329,Unit 21B,A,20,13,18,32,63,13,18,32,63,0,0,0,0,0,0,0,0,20,0,0,20,100,0,0,100,5,7,8,0,20,0,0,0,0,0,0,0,0,0,0
ELK-1-333,Unit 23 youth only,ES,25,239,303,301,843,142,131,145,418,49,98,102,249,48,74,54,176,21,1,3,25,84,4,12,100,10,7,4,0,21,0,1,0,0,1,1,0,2,0,3
ELK-1-335,Unit 23,MB,75,306,283,505,1094,193,173,302,668,89,66,106,261,24,44,97,165,63,5,7,75,84,6.67,9.33,100,31,17,15,0,63,4,1,0,0,5,0,1,6,0,7
ELK-1-336,Unit 23,A,20,64,68,131,263,64,68,131,263,0,0,0,0,0,0,0,0,20,0,0,20,100,0,0,100,12,3,5,0,20,0,0,0,0,0,0,0,0,0,0
ELK-1-338,Unit 23: south of NM 78,A,20,11,29,48,88,11,29,48,88,0,0,0,0,0,0,0,0,20,0,0,20,100,0,0,100,4,8,8,0,20,0,0,0,0,0,0,0,0,0,0
ELK-1-342,Unit 24: excluding Ft. Bayard management area,MB,15,59,76,133,268,45,61,109,215,13,14,23,50,1,1,1,3,13,1,1,15,86.67,6.67,6.66,100,8,1,4,0,13,0,0,1,0,1,1,0,0,0,1
ELK-1-343,"Unit 24: including Ft. Bayard management area, youth only",ES,5,121,83,55,259,120,80,55,255,1,3,0,4,0,0,0,0,5,0,0,5,100,0,0,100,5,0,0,0,5,0,0,0,0,0,0,0,0,0,0
ELK-1-344,"Unit 24: including Ft. Bayard management area, youth only",A,5,8,33,17,58,8,33,17,58,0,0,0,0,0,0,0,0,5,0,0,5,100,0,0,100,1,3,1,0,5,0,0,0,0,0,0,0,0,0,0
ELK-1-347,Unit 34 youth only,ES,75,2095,511,236,2842,1357,352,158,1867,370,106,50,526,368,53,28,449,63,5,7,75,84,6.67,9.33,100,60,3,0,0,63,3,2,0,0,5,7,0,0,0,7
ELK-1-348,Unit 34 youth only,A,120,132,448,228,808,132,440,227,799,0,0,0,0,0,8,1,9,111,0,9,120,92.5,0,7.5,100,19,60,32,0,111,0,0,0,0,0,0,8,1,0,9
ELK-1-349,Unit 34 mobility impaired,ES,50,408,85,133,626,351,64,82,497,30,9,20,59,27,12,31,70,42,3,5,50,84,6,10,100,41,1,0,0,42,2,0,1,0,3,1,2,2,0,5
ELK-1-351,Unit 34,ES,150,5673,2856,2617,11146,4375,2107,1794,8276,825,399,478,1702,473,350,345,1168,126,9,15,150,84,6,10,100,120,6,0,0,126,9,0,0,0,9,12,2,1,0,15
ELK-1-352,Unit 34,A,350,1106,1807,1222,4135,1103,1802,1207,4112,0,0,0,0,3,5,15,23,332,0,18,350,94.86,0,5.14,100,146,158,28,0,332,0,0,0,0,0,3,4,11,0,18
ELK-1-353,Unit 34,A,350,514,1297,1506,3317,504,1292,1496,3292,0,0,0,0,10,5,10,25,330,0,20,350,94.29,0,5.71,100,106,123,101,0,330,0,0,0,0,0,10,2,8,0,20
ELK-1-354,Unit 34,A,350,194,528,1210,1932,194,524,1202,1920,0,0,0,0,0,4,8,12,346,0,4,350,98.86,0,1.14,100,73,93,180,0,346,0,0,0,0,0,0,2,2,0,4
ELK-1-356,Unit 34,A,200,122,427,697,1246,119,426,689,1234,0,0,0,0,3,1,8,12,193,0,7,200,96.5,0,3.5,100,33,73,87,0,193,0,0,0,0,0,3,0,4,0,7
ELK-1-357,Unit 34,A,200,120,233,692,1045,119,232,689,1040,0,0,0,0,1,1,3,5,197,0,3,200,98.5,0,1.5,100,41,43,113,0,197,0,0,0,0,0,1,0,2,0,3
ELK-1-361,Unit 36,ES,140,2280,2413,2066,6759,1646,1560,1149,4355,429,499,695,1623,205,354,222,781,118,8,14,140,84.29,5.71,10,100,87,24,7,0,118,2,2,4,0,8,10,4,0,0,14
ELK-1-362,Unit 36,ES,140,625,1905,1754,4284,440,1402,1069,2911,117,334,305,756,68,169,380,617,118,8,14,140,84.29,5.71,10,100,48,46,24,0,118,4,2,2,0,8,5,3,6,0,14
ELK-1-363,Unit 36,A,100,278,306,525,1109,272,304,520,1096,0,0,0,0,6,2,5,13,90,0,10,100,90,0,10,100,39,16,35,0,90,0,0,0,0,0,6,0,4,0,10
ELK-1-364,Unit 36,A,100,82,297,342,721,76,294,332,702,0,0,0,0,6,3,10,19,91,0,9,100,91,0,9,100,34,27,30,0,91,0,0,0,0,0,6,0,3,0,9
ELK-1-365,Unit 36,A,100,89,161,439,689,88,155,434,677,0,0,0,0,1,6,5,12,94,0,6,100,94,0,6,100,26,22,46,0,94,0,0,0,0,0,1,3,2,0,6
ELK-1-369,Unit 45,MB,140,420,409,537,1366,336,316,441,1093,76,72,81,229,8,21,15,44,118,8,14,140,84.29,5.71,10,100,74,26,18,0,118,4,2,2,0,8,8,0,6,0,14
ELK-1-370,Unit 45,MB,140,189,392,399,980,122,290,260,672,61,87,121,269,6,15,18,39,118,8,14,140,84.29,5.71,10,100,47,47,24,0,118,3,3,2,0,8,3,3,8,0,14
ELK-1-375,Unit 48,MB,75,253,204,210,667,192,159,148,499,45,30,45,120,16,15,17,48,63,5,7,75,84,6.67,9.33,100,43,16,4,0,63,3,2,0,0,5,4,0,3,0,7
ELK-1-376,Unit 48,MB,64,56,173,133,362,48,133,97,278,6,40,32,78,2,0,4,6,54,4,6,64,84.38,6.25,9.37,100,24,20,10,0,54,0,4,0,0,4,2,0,4,0,6
ELK-1-377,Unit 48,A,50,99,89,117,305,99,89,117,305,0,0,0,0,0,0,0,0,50,0,0,50,100,0,0,100,38,6,6,0,50,0,0,0,0,0,0,0,0,0,0
ELK-1-378,Unit 48,A,54,80,93,117,290,80,93,117,290,0,0,0,0,0,0,0,0,54,0,0,54,100,0,0,100,35,11,8,0,54,0,0,0,0,0,0,0,0,0,0
ELK-1-381,Unit 49,MB,77,650,458,470,1578,541,331,362,1234,58,76,90,224,51,51,18,120,65,4,8,77,84.42,5.19,10.39,100,54,9,2,0,65,2,2,0,0,4,6,2,0,0,8
ELK-1-382,Unit 49,MB,76,132,447,295,874,104,344,188,636,19,50,38,107,9,53,69,131,64,4,8,76,84.21,5.26,10.53,100,21,34,9,0,64,3,1,0,0,4,1,4,3,0,8
ELK-1-383,Unit 49,A,77,221,213,229,663,221,213,229,663,0,0,0,0,0,0,0,0,77,0,0,77,100,0,0,100,51,12,14,0,77,0,0,0,0,0,0,0,0,0,0
ELK-1-384,Unit 49,A,77,104,229,174,507,104,229,174,507,0,0,0,0,0,0,0,0,77,0,0,77,100,0,0,100,30,19,28,0,77,0,0,0,0,0,0,0,0,0,0
ELK-1-388,Unit 53: excluding Cerro portion,MB,80,138,140,140,418,99,96,89,284,33,42,43,118,6,2,8,16,68,4,8,80,85,5,10,100,44,17,7,0,68,3,1,0,0,4,4,2,2,0,8
ELK-1-389,Unit 53: excluding Cerro portion,MB,131,55,143,205,403,40,100,125,265,15,41,78,134,0,2,2,4,122,7,2,131,93.13,5.34,1.53,100,35,39,48,0,122,2,2,3,0,7,0,0,2,0,2
ELK-1-390,Unit 53: excluding Cerro portion,A,94,69,74,96,239,69,74,96,239,0,0,0,0,0,0,0,0,94,0,0,94,100,0,0,100,45,22,27,0,94,0,0,0,0,0,0,0,0,0,0
ELK-1-391,Unit 53: excluding Cerro portion,A,94,34,84,97,215,34,84,97,215,0,0,0,0,0,0,0,0,94,0,0,94,100,0,0,100,28,24,42,0,94,0,0,0,0,0,0,0,0,0,0
ELK-1-392,Unit 14,ES,10,153,72,94,319,140,67,86,293,0,1,0,1,13,4,8,25,9,0,1,10,90,0,10,100,8,1,0,0,9,0,0,0,0,0,1,0,0,0,1
ELK-1-395,Unit 18,ES,10,215,126,137,478,138,99,119,356,4,2,6,12,73,25,12,110,9,0,1,10,90,0,10,100,6,3,0,0,9,0,0,0,0,0,1,0,0,0,1
ELK-1-396,"Unit 28: McGregor range only, military only",ES,10,73,9,6,88,32,6,4,42,39,3,0,42,2,0,2,4,9,0,1,10,90,0,10,100,8,1,0,0,9,0,0,0,0,0,1,0,0,0,1
ELK-1-397,Unit 28: McGregor range only,ES,10,89,94,72,255,65,49,65,179,8,34,4,46,16,11,3,30,9,0,1,10,90,0,10,100,8,1,0,0,9,0,0,0,0,0,0,0,1,0,1
ELK-1-400,"Units 29, 30",ES,20,996,479,379,1854,686,345,280,1311,74,47,43,164,236,87,56,379,17,1,2,20,85,5,10,100,16,1,0,0,17,0,0,1,0,1,2,0,0,0,2
ELK-1-401,"Units 29, 30",ES,30,198,627,390,1215,167,535,287,989,19,47,32,98,12,45,71,128,26,1,3,30,86.67,3.33,10,100,5,15,6,0,26,0,0,1,0,1,0,2,1,0,3
ELK-1-404,Unit 37,MB,30,812,535,570,1917,442,353,422,1217,108,68,91,267,262,114,57,433,26,1,3,30,86.67,3.33,10,100,23,3,0,0,26,1,0,0,0,1,2,1,0,0,3
ELK-1-405,Unit 37,MB,30,163,391,405,959,109,253,291,653,16,58,59,133,38,80,55,173,26,1,3,30,86.67,3.33,10,100,9,11,6,0,26,1,0,0,0,1,0,3,0,0,3
ELK-1-406,Unit 37,A,45,65,68,191,324,65,67,191,323,0,0,0,0,0,1,0,1,44,0,1,45,97.78,0,2.22,100,17,8,19,0,44,0,0,0,0,0,0,1,0,0,1
ELK-1-408,Unit 38,ES,10,128,116,113,357,121,89,103,313,0,6,2,8,7,21,8,36,9,0,1,10,90,0,10,100,9,0,0,0,9,0,0,0,0,0,0,0,1,0,1
ELK-1-409,Unit 38,ES,10,23,85,66,174,23,81,56,160,0,0,5,5,0,4,5,9,9,0,1,10,90,0,10,100,1,4,4,0,9,0,0,0,0,0,0,1,0,0,1
ELK-1-410,"Units 39, 43",ES,30,143,76,131,350,128,70,124,322,12,6,4,22,3,0,3,6,26,1,3,30,86.67,3.33,10,100,20,4,2,0,26,1,0,0,0,1,1,0,2,0,3
ELK-1-413,"Units 42, 47, 59",ES,13,89,93,86,268,75,76,66,217,11,11,12,34,3,6,8,17,11,1,1,13,84.62,7.69,7.69,100,8,1,2,0,11,1,0,0,0,1,0,1,0,0,1
ELK-1-416,Unit 56,MB,10,124,53,73,250,112,52,70,234,1,1,0,2,11,0,3,14,9,0,1,10,90,0,10,100,7,2,0,0,9,0,0,0,0,0,1,0,0,0,1
ELK-1-417,Unit 56,A,10,14,25,30,69,14,25,30,69,0,0,0,0,0,0,0,0,10,0,0,10,100,0,0,100,7,1,2,0,10,0,0,0,0,0,0,0,0,0,0
ELK-1-422,"Units 57 (excluding Sugarite Canyon State Park), 58",MB,5,60,76,46,182,59,73,44,176,1,3,2,6,0,0,0,0,5,0,0,5,100,0,0,100,5,0,0,0,5,0,0,0,0,0,0,0,0,0,0
ELK-1-423,"Units 57 (excluding Sugarite Canyon State Park), 58",MB,10,34,75,56,165,29,71,50,150,2,3,3,8,3,1,3,7,9,0,1,10,90,0,10,100,1,6,2,0,9,0,0,0,0,0,0,0,1,0,1
ELK-1-424,"Units 57 (excluding Sugarite Canyon State Park), 58",A,10,13,14,41,68,13,14,41,68,0,0,0,0,0,0,0,0,10,0,0,10,100,0,0,100,5,1,4,0,10,0,0,0,0,0,0,0,0,0,0
ELK-1-428,Unit 54/55: Colin Neblett WMA only,MB,20,17,30,32,79,17,30,32,79,0,0,0,0,0,0,0,0,20,0,0,20,100,0,0,100,8,5,7,0,20,0,0,0,0,0,0,0,0,0,0
ELK-1-429,Unit 54/55: Colin Neblett WMA only,MB,20,7,21,27,55,7,21,27,55,0,0,0,0,0,0,0,0,20,0,0,20,100,0,0,100,7,4,9,0,20,0,0,0,0,0,0,0,0,0,0
ELK-1-430,Unit 54/55: Colin Neblett WMA only,A,20,11,5,30,46,11,5,30,46,0,0,0,0,0,0,0,0,20,0,0,20,100,0,0,100,7,3,10,0,20,0,0,0,0,0,0,0,0,0,0
ELK-1-433,Unit 55A: ES Barker WMA only,MB,10,54,40,44,138,54,39,44,137,0,0,0,0,0,1,0,1,9,0,1,10,90,0,10,100,6,3,0,0,9,0,0,0,0,0,0,1,0,0,1
ELK-1-437,Unit 55A: Urraca WMA only,MB,10,22,23,29,74,22,23,29,74,0,0,0,0,0,0,0,0,10,0,0,10,100,0,0,100,8,2,0,0,10,0,0,0,0,0,0,0,0,0,0
ELK-1-438,Unit 55A: Urraca WMA only,MB,10,18,16,23,57,18,16,23,57,0,0,0,0,0,0,0,0,10,0,0,10,100,0,0,100,6,2,2,0,10,0,0,0,0,0,0,0,0,0,0
ELK-1-439,Unit 55A: Urraca WMA only,A,15,11,9,13,33,11,9,13,33,0,0,0,0,0,0,0,0,15,0,0,15,100,0,0,100,8,2,5,0,15,0,0,0,0,0,0,0,0,0,0
ELK-1-440,Unit 55A: Urraca WMA only,A,15,9,10,21,40,9,10,21,40,0,0,0,0,0,0,0,0,15,0,0,15,100,0,0,100,6,6,3,0,15,0,0,0,0,0,0,0,0,0,0
ELK-1-444,Unit 55A: Valle Vidal only,MB,35,1038,396,305,1739,702,232,215,1149,208,123,69,400,128,41,21,190,30,2,3,35,85.71,5.72,8.57,100,24,5,1,0,30,1,1,0,0,2,2,0,1,0,3
ELK-1-445,Unit 55A: Valle Vidal only,MB,30,206,324,189,719,134,202,88,424,43,83,67,193,29,39,34,102,26,1,3,30,86.67,3.33,10,100,12,12,2,0,26,0,1,0,0,1,1,1,1,0,3
ELK-1-446,"Unit 55A: Valle Vidal only, youth only",MB,20,463,169,126,758,352,106,78,536,90,30,20,140,21,33,28,82,17,1,2,20,85,5,10,100,15,1,1,0,17,1,0,0,0,1,0,1,1,0,2
ELK-1-447,"Unit 55A: Valle Vidal only, youth only",A,30,29,44,31,104,29,43,31,103,0,0,0,0,0,1,0,1,29,0,1,30,96.67,0,3.33,100,15,9,5,0,29,0,0,0,0,0,0,1,0,0,1
ELK-1-448,Unit 55A: Valle Vidal only,A,30,72,44,70,186,72,44,70,186,0,0,0,0,0,0,0,0,30,0,0,30,100,0,0,100,20,4,6,0,30,0,0,0,0,0,0,0,0,0,0
ELK-1-449,Unit 55A: Valle Vidal only,A,30,24,56,48,128,24,56,48,128,0,0,0,0,0,0,0,0,30,0,0,30,100,0,0,100,8,15,7,0,30,0,0,0,0,0,0,0,0,0,0
ELK-1-700,statewide,MB,1,1064,142,295,1501,1046,133,271,1450,16,8,20,44,2,1,4,7,1,0,0,1,100,0,0,100,1,0,0,0,1,0,0,0,0,0,0,0,0,0,0
ELK-2-129,Unit 2,ES,120,203,229,312,744,150,170,162,482,45,48,97,190,8,11,53,72,101,7,12,120,84.17,5.83,10,100,47,26,28,0,101,0,3,4,0,7,0,2,10,0,12
ELK-2-130,Unit 2,ES,120,381,425,427,1233,295,280,242,817,70,91,97,258,16,54,88,158,101,7,12,120,84.17,5.83,10,100,65,22,14,0,101,5,1,1,0,7,3,3,6,0,12
ELK-2-136,Unit 5A public land only,ES,5,14,8,11,33,13,5,9,27,1,3,2,6,0,0,0,0,5,0,0,5,100,0,0,100,3,2,0,0,5,0,0,0,0,0,0,0,0,0,0
ELK-2-137,Unit 5A public land only,ES,5,24,17,21,62,20,17,18,55,4,0,3,7,0,0,0,0,5,0,0,5,100,0,0,100,3,2,0,0,5,0,0,0,0,0,0,0,0,0,0
ELK-2-146,Unit 9 Marquez/LBar WMA only,ES,15,23,29,32,84,23,29,31,83,0,0,0,0,0,0,1,1,14,0,1,15,93.33,0,6.67,100,9,3,2,0,14,0,0,0,0,0,0,0,1,0,1
ELK-2-147,Unit 9 Marquez/LBar WMA only,ES,15,38,25,28,91,38,25,28,91,0,0,0,0,0,0,0,0,15,0,0,15,100,0,0,100,11,3,1,0,15,0,0,0,0,0,0,0,0,0,0
ELK-2-151,"Unit 9, including Water Canyon WMA",ES,82,54,38,97,189,43,28,74,145,11,10,23,44,0,0,0,0,77,5,0,82,93.9,6.1,0,100,32,13,32,0,77,5,0,0,0,5,0,0,0,0,0
ELK-2-152,"Unit 9, including Water Canyon WMA",ES,82,31,58,145,234,18,50,110,178,13,8,29,50,0,0,6,6,72,5,5,82,87.8,6.1,6.1,100,16,13,43,0,72,2,2,1,0,5,0,0,5,0,5
ELK-2-157,Unit 10,ES,125,180,233,193,606,129,168,118,415,37,45,52,134,14,20,23,57,105,8,12,125,84,6.4,9.6,100,60,29,16,0,105,5,1,2,0,8,3,5,4,0,12
ELK-2-158,Unit 10,ES,125,287,295,266,848,195,211,172,578,65,54,57,176,27,30,37,94,105,8,12,125,84,6.4,9.6,100,78,16,11,0,105,3,1,4,0,8,2,3,7,0,12
ELK-2-163,Unit 4: Sargent WMA only,ES,10,57,38,18,113,55,36,15,106,0,0,0,0,2,2,3,7,9,0,1,10,90,0,10,100,9,0,0,0,9,0,0,0,0,0,0,0,1,0,1
ELK-2-164,Unit 4: Sargent WMA only,ES,10,106,63,44,213,103,60,42,205,0,0,0,0,3,3,2,8,9,0,1,10,90,0,10,100,8,1,0,0,9,0,0,0,0,0,1,0,0,0,1
ELK-2-171,Unit 4: Humphries/Rio Chama WMAs only,ES,10,18,21,19,58,18,19,17,54,0,0,0,0,0,2,2,4,9,0,1,10,90,0,10,100,4,2,3,0,9,0,0,0,0,0,0,1,0,0,1
ELK-2-172,Unit 4: Humphries/Rio Chama WMAs only,ES,10,39,38,28,105,38,36,28,102,0,0,0,0,1,2,0,3,9,0,1,10,90,0,10,100,6,1,2,0,9,0,0,0,0,0,0,1,0,0,1
ELK-2-178,Unit 5B,ES,76,141,136,142,419,101,81,84,266,35,38,40,113,5,17,18,40,64,4,8,76,84.21,5.26,10.53,100,39,12,13,0,64,1,0,3,0,4,0,5,3,0,8
ELK-2-179,Unit 5B,ES,75,209,266,254,729,143,188,147,478,47,58,69,174,19,20,38,77,63,5,7,75,84,6.67,9.33,100,28,30,5,0,63,5,0,0,0,5,4,0,3,0,7
ELK-2-187,Unit 50,ES,60,27,32,132,191,10,13,80,103,17,19,52,88,0,0,0,0,46,14,0,60,76.67,23.33,0,100,10,7,29,0,46,5,1,8,0,14,0,0,0,0,0
ELK-2-188,Unit 50,ES,55,19,37,120,176,11,18,73,102,8,19,41,68,0,0,6,6,47,3,5,55,85.45,5.46,9.09,100,11,9,27,0,47,0,1,2,0,3,0,0,5,0,5
ELK-2-193,Unit 51,ES,180,377,508,442,1327,245,289,188,722,93,133,179,405,39,86,75,200,152,10,18,180,84.44,5.56,10,100,99,37,16,0,152,5,2,3,0,10,11,4,3,0,18
ELK-2-194,Unit 51,ES,180,682,798,676,2156,385,414,345,1144,169,276,236,681,128,108,95,331,152,10,18,180,84.44,5.56,10,100,112,29,11,0,152,6,2,2,0,10,15,3,0,0,18
ELK-2-202,Unit 52,ES,230,417,530,599,1546,234,286,305,825,126,172,223,521,57,72,71,200,194,13,23,230,84.35,5.65,10,100,112,42,40,0,194,12,0,1,0,13,10,8,5,0,23
ELK-2-203,Unit 52,ES,230,548,813,696,2057,328,433,323,1084,152,261,242,655,68,119,131,318,194,13,23,230,84.35,5.65,10,100,110,56,28,0,194,6,6,1,0,13,14,3,6,0,23
ELK-2-213,Unit 6A,ES,150,598,674,433,1705,401,372,227,1000,122,188,125,435,75,114,81,270,126,9,15,150,84,6,10,100,90,23,13,0,126,4,3,2,0,9,9,5,1,0,15
ELK-2-214,Unit 6A,ES,102,994,771,468,2233,671,504,279,1454,200,163,122,485,123,104,67,294,86,6,10,102,84.31,5.88,9.81,100,83,3,0,0,86,3,3,0,0,6,7,1,2,0,10
ELK-2-219,Unit 6B,ES,25,834,292,149,1275,396,128,64,588,308,119,59,486,130,45,26,201,21,2,2,25,84,8,8,100,21,0,0,0,21,2,0,0,0,2,2,0,0,0,2
ELK-2-220,Unit 6B,A,10,62,32,31,125,62,32,31,125,0,0,0,0,0,0,0,0,10,0,0,10,100,0,0,100,7,2,1,0,10,0,0,0,0,0,0,0,0,0,0
ELK-2-221,Unit 6B,ES,25,1227,379,256,1862,611,204,154,969,442,139,85,666,174,36,17,227,21,2,2,25,84,8,8,100,19,1,1,0,21,1,0,1,0,2,2,0,0,0,2
ELK-2-222,Unit 6B,A,10,51,46,34,131,51,46,34,131,0,0,0,0,0,0,0,0,10,0,0,10,100,0,0,100,4,5,1,0,10,0,0,0,0,0,0,0,0,0,0
ELK-2-234,Unit 6C,ES,150,263,368,440,1071,196,244,227,667,51,81,130,262,16,43,83,142,126,9,15,150,84,6,10,100,68,39,19,0,126,1,2,6,0,9,5,5,5,0,15
ELK-2-235,Unit 6C,ES,105,359,575,504,1438,262,395,310,967,71,96,115,282,26,84,79,189,89,6,10,105,84.76,5.72,9.52,100,51,32,6,0,89,4,2,0,0,6,4,4,2,0,10
ELK-2-241,Unit 7,ES,15,18,19,34,71,15,14,27,56,3,3,6,12,0,2,1,3,14,1,0,15,93.33,6.67,0,100,8,0,6,0,14,0,0,1,0,1,0,0,0,0,0
ELK-2-242,Unit 7,ES,14,23,40,32,95,19,36,20,75,4,4,9,17,0,0,3,3,12,1,1,14,85.72,7.14,7.14,100,8,3,1,0,12,0,1,0,0,1,0,0,1,0,1
ELK-2-246,Unit 12,ES,36,105,130,138,373,47,75,70,192,27,39,32,98,31,16,36,83,31,2,3,36,86.11,5.56,8.33,100,14,14,3,0,31,1,1,0,0,2,3,0,0,0,3
ELK-2-247,Unit 12,ES,35,198,175,153,526,88,85,89,262,66,48,47,161,44,42,17,103,30,2,3,35,85.71,5.72,8.57,100,19,8,3,0,30,2,0,0,0,2,2,0,1,0,3
ELK-2-255,Unit 12,APRE/6,25,17,12,43,72,4,4,24,32,13,8,16,37,0,0,3,3,20,4,1,25,80,16,4,100,4,2,14,0,20,1,1,2,0,4,0,0,1,0,1
ELK-2-256,Unit 13,ES,202,418,439,480,1337,227,219,197,643,114,141,140,395,77,79,143,299,170,12,20,202,84.16,5.94,9.9,100,108,30,32,0,170,2,4,6,0,12,7,4,9,0,20
ELK-2-257,Unit 13,ES,148,698,650,494,1842,381,348,239,968,182,171,127,480,135,131,128,394,125,9,14,148,84.46,6.08,9.46,100,98,19,8,0,125,7,2,0,0,9,10,2,2,0,14
ELK-2-264,Unit 15,ES,350,1177,1548,1242,3967,650,720,398,1768,394,483,453,1330,133,345,391,869,294,21,35,350,84,6,10,100,190,78,26,0,294,16,4,1,0,21,17,9,9,0,35
ELK-2-265,Unit 15,ES,250,2409,2116,1538,6063,1337,853,488,2678,758,857,498,2113,314,406,552,1272,210,15,25,250,84,6,10,100,193,16,1,0,210,13,1,1,0,15,17,8,0,0,25
ELK-2-272,Unit 16A,ES,250,1078,1009,764,2851,357,430,277,1064,440,349,277,1066,281,230,210,721,210,15,25,250,84,6,10,100,119,67,24,0,210,13,1,1,0,15,15,7,3,0,25
ELK-2-273,Unit 16A,ES,150,2220,1777,746,4743,631,551,311,1493,1138,634,301,2073,451,592,134,1177,126,9,15,150,84,6,10,100,107,15,4,0,126,9,0,0,0,9,10,5,0,0,15
ELK-2-279,Unit 16B/22,ES,225,433,481,370,1284,156,196,211,563,203,204,121,528,74,81,38,193,189,14,22,225,84,6.22,9.78,100,81,47,61,0,189,11,2,1,0,14,9,7,6,0,22
ELK-2-280,Unit 16B/22,ES,165,591,639,515,1745,233,283,210,726,268,277,235,780,90,79,70,239,139,10,16,165,84.24,6.06,9.7,100,69,48,22,0,139,10,0,0,0,10,8,5,3,0,16
ELK-2-284,Unit 16C,ES,144,229,295,392,916,108,182,198,488,101,76,137,314,20,37,57,114,121,9,14,144,84.03,6.25,9.72,100,56,34,31,0,121,6,0,3,0,9,6,5,3,0,14
ELK-2-285,Unit 16C,ES,100,289,407,378,1074,168,209,171,548,99,142,144,385,22,56,63,141,84,6,10,100,84,6,10,100,61,16,7,0,84,5,1,0,0,6,3,3,4,0,10
ELK-2-291,Unit 16D,ES,90,848,580,440,1868,333,218,148,699,309,246,210,765,206,116,82,404,76,5,9,90,84.44,5.56,10,100,62,14,0,0,76,3,2,0,0,5,8,1,0,0,9
ELK-2-292,Unit 16D,ES,60,1881,825,510,3216,489,343,226,1058,688,314,219,1221,704,168,65,937,51,3,6,60,85,5,10,100,48,2,1,0,51,3,0,0,0,3,6,0,0,0,6
ELK-2-298,Unit 16E,ES,90,93,125,219,437,43,54,126,223,27,53,42,122,23,18,51,92,76,5,9,90,84.44,5.56,10,100,25,15,36,0,76,2,2,1,0,5,5,1,3,0,9
ELK-2-299,Unit 16E,ES,60,84,195,161,440,25,101,77,203,25,48,42,115,34,46,42,122,51,3,6,60,85,5,10,100,10,20,21,0,51,1,0,2,0,3,5,0,1,0,6
ELK-2-305,Unit 17,ES,125,287,449,425,1161,135,187,155,477,111,187,187,485,41,75,83,199,105,8,12,125,84,6.4,9.6,100,57,32,16,0,105,5,2,1,0,8,5,3,4,0,12
ELK-2-306,Unit 17,ES,75,492,557,457,1506,250,255,212,717,174,193,173,540,68,109,72,249,63,5,7,75,84,6.67,9.33,100,47,10,6,0,63,3,1,1,0,5,6,0,1,0,7
ELK-2-314,Unit 21A,ES,50,101,135,128,364,57,80,65,202,15,28,54,97,29,27,9,65,42,3,5,50,84,6,10,100,25,11,6,0,42,0,0,3,0,3,1,4,0,0,5
ELK-2-315,Unit 21A,ES,50,202,180,186,568,89,75,96,260,44,68,75,187,69,37,15,121,42,3,5,50,84,6,10,100,29,9,4,0,42,1,1,1,0,3,5,0,0,0,5
ELK-2-320,Unit 21A,MB,15,8,13,38,59,2,10,22,34,6,3,14,23,0,0,2,2,13,1,1,15,86.67,6.67,6.66,100,2,6,5,0,13,0,1,0,0,1,0,0,1,0,1
ELK-2-321,Unit 21B,ES,25,39,42,114,195,5,19,74,98,30,17,16,63,4,6,24,34,21,2,2,25,84,8,8,100,1,4,16,0,21,2,0,0,0,2,1,0,1,0,2
ELK-2-322,Unit 21B,ES,25,48,61,76,185,22,32,40,94,20,16,19,55,6,13,17,36,21,2,2,25,84,8,8,100,9,10,2,0,21,1,0,1,0,2,1,1,0,0,2
ELK-2-330,Unit 21B,MB,15,0,8,10,18,0,5,10,15,0,3,0,3,0,0,0,0,11,4,0,15,73.33,26.67,0,100,0,4,7,0,11,0,2,0,2,4,0,0,0,0,0
ELK-2-331,Unit 23,ES,125,153,173,381,707,80,91,195,366,57,75,112,244,16,7,74,97,105,8,12,125,84,6.4,9.6,100,48,20,37,0,105,2,2,4,0,8,1,1,10,0,12
ELK-2-332,Unit 23,ES,75,149,295,376,820,66,141,176,383,71,113,106,290,12,41,94,147,63,5,7,75,84,6.67,9.33,100,15,19,29,0,63,5,0,0,0,5,0,3,4,0,7
ELK-2-337,Unit 23,MB,15,3,9,43,55,2,4,20,26,1,5,21,27,0,0,2,2,11,3,1,15,73.33,20,6.67,100,2,3,6,0,11,0,1,2,0,3,0,0,1,0,1
ELK-2-339,Unit 24: excluding Ft. Bayard management area,ES,15,17,28,47,92,13,17,37,67,4,7,8,19,0,4,2,6,13,1,1,15,86.67,6.67,6.66,100,9,2,2,0,13,0,1,0,0,1,0,0,1,0,1
ELK-2-340,Unit 24: excluding Ft. Bayard management area,ES,10,29,33,22,84,28,32,20,80,0,0,1,1,1,1,1,3,9,0,1,10,90,0,10,100,6,3,0,0,9,0,0,0,0,0,0,1,0,0,1
ELK-2-345,Unit 34,ES,200,1412,1674,812,3898,742,787,436,1965,413,515,220,1148,257,372,156,785,168,12,20,200,84,6,10,100,113,45,10,0,168,10,2,0,0,12,13,6,1,0,20
ELK-2-346,Unit 34,ES,200,3001,1835,877,5713,1498,974,463,2935,887,549,313,1749,616,312,101,1029,168,12,20,200,84,6,10,100,162,6,0,0,168,12,0,0,0,12,16,4,0,0,20
ELK-2-355,Unit 34,APRE/6/A,200,115,89,394,598,67,56,295,418,42,28,75,145,6,5,24,35,168,12,20,200,84,6,10,100,41,25,102,0,168,3,2,7,0,12,4,2,14,0,20
ELK-2-358,Unit 36,ES,140,584,762,591,1937,290,307,246,843,187,255,161,603,107,200,184,491,118,8,14,140,84.29,5.71,10,100,68,31,19,0,118,6,2,0,0,8,8,3,3,0,14
ELK-2-359,Unit 36,ES,140,828,998,771,2597,423,503,405,1331,230,302,251,783,175,193,115,483,118,8,14,140,84.29,5.71,10,100,79,27,12,0,118,1,7,0,0,8,5,6,3,0,14
ELK-2-366,Unit 45,ES,75,193,261,172,626,118,137,79,334,59,93,79,231,16,31,14,61,63,5,7,75,84,6.67,9.33,100,41,15,7,0,63,3,1,1,0,5,4,2,1,0,7
ELK-2-367,Unit 45,ES,73,299,308,273,880,173,169,149,491,97,105,103,305,29,34,21,84,62,4,7,73,84.93,5.48,9.59,100,47,14,1,0,62,3,0,1,0,4,1,6,0,0,7
ELK-2-372,Unit 48,ES,80,93,72,156,321,58,40,86,184,22,30,45,97,13,2,25,40,68,4,8,80,85,5,10,100,40,13,15,0,68,3,0,1,0,4,1,1,6,0,8
ELK-2-373,Unit 48,ES,80,106,128,153,387,67,97,96,260,36,23,30,89,3,8,27,38,68,4,8,80,85,5,10,100,35,17,16,0,68,1,0,3,0,4,0,6,2,0,8
ELK-2-379,Unit 49,ES,60,187,252,204,643,138,151,95,384,26,41,52,119,23,60,57,140,51,3,6,60,85,5,10,100,36,11,4,0,51,0,1,2,0,3,2,4,0,0,6
ELK-2-380,Unit 49,ES,59,327,293,194,814,254,200,125,579,37,56,48,141,36,37,21,94,50,3,6,59,84.75,5.08,10.17,100,45,3,2,0,50,3,0,0,0,3,5,1,0,0,6
ELK-2-385,Unit 53,ES,65,57,63,130,250,30,34,57,121,20,22,55,97,7,7,18,32,55,4,6,65,84.62,6.15,9.23,100,25,14,16,0,55,0,2,2,0,4,3,0,3,0,6
ELK-2-386,Unit 53,ES,60,66,78,107,251,36,50,54,140,19,21,47,87,11,7,6,24,51,3,6,60,85,5,10,100,23,12,16,0,51,3,0,0,0,3,3,3,0,0,6
ELK-2-393,Unit 18,ES,25,11,34,37,82,6,21,14,41,3,11,18,32,2,2,5,9,21,2,2,25,84,8,8,100,2,12,7,0,21,1,1,0,0,2,2,0,0,0,2
ELK-2-394,Unit 18,ES,25,46,54,78,178,29,33,34,96,12,17,31,60,5,4,13,22,21,2,2,25,84,8,8,100,8,5,8,0,21,0,0,2,0,2,0,1,1,0,2
ELK-2-398,"Units 29, 30",ES,20,93,79,76,248,64,50,42,156,12,13,27,52,17,16,7,40,17,1,2,20,85,5,10,100,15,2,0,0,17,0,1,0,0,1,2,0,0,0,2
ELK-2-399,"Units 29, 30",ES,20,208,186,177,571,146,135,113,394,18,25,26,69,44,26,38,108,17,1,2,20,85,5,10,100,12,1,4,0,17,0,1,0,0,1,2,0,0,0,2
ELK-2-402,Unit 37,ES,40,107,145,195,447,62,77,95,234,26,28,33,87,19,40,67,126,34,2,4,40,85,5,10,100,18,9,7,0,34,1,1,0,0,2,1,1,2,0,4
ELK-2-403,Unit 37,ES,30,201,203,247,651,100,129,154,383,30,31,28,89,71,43,65,179,26,1,3,30,86.67,3.33,10,100,15,8,3,0,26,1,0,0,0,1,3,0,0,0,3
ELK-2-407,Unit 37,APRE/6,50,13,28,71,112,10,17,43,70,2,9,22,33,1,2,6,9,42,3,5,50,84,6,10,100,10,10,22,0,42,0,2,1,0,3,1,0,4,0,5
ELK-2-411,"Units 42, 47, 59",ES,13,15,13,21,49,7,8,14,29,6,4,7,17,2,1,0,3,11,1,1,13,84.62,7.69,7.69,100,6,5,0,0,11,0,1,0,0,1,1,0,0,0,1
ELK-2-412,"Units 42, 47, 59",ES,13,11,25,29,65,6,16,19,41,4,8,8,20,1,1,2,4,11,1,1,13,84.62,7.69,7.69,100,3,4,4,0,11,0,0,1,0,1,1,0,0,0,1
ELK-2-414,Unit 56,ES,5,9,14,5,28,9,13,5,27,0,1,0,1,0,0,0,0,5,0,0,5,100,0,0,100,4,1,0,0,5,0,0,0,0,0,0,0,0,0,0
ELK-2-415,Unit 56,ES,5,22,15,12,49,21,15,12,48,1,0,0,1,0,0,0,0,5,0,0,5,100,0,0,100,3,2,0,0,5,0,0,0,0,0,0,0,0,0,0
ELK-2-418,Unit 57: Sugarite canyon state park only,ES,3,6,8,8,22,6,8,8,22,0,0,0,0,0,0,0,0,3,0,0,3,100,0,0,100,3,0,0,0,3,0,0,0,0,0,0,0,0,0,0
ELK-2-419,Unit 57: Sugarite canyon state park only,ES,2,10,9,8,27,10,8,8,26,0,1,0,1,0,0,0,0,2,0,0,2,100,0,0,100,1,0,1,0,2,0,0,0,0,0,0,0,0,0,0
ELK-2-420,"Units 57 (excluding Sugarite Canyon State Park), 58",ES,5,9,7,10,26,9,7,10,26,0,0,0,0,0,0,0,0,5,0,0,5,100,0,0,100,3,0,2,0,5,0,0,0,0,0,0,0,0,0,0
ELK-2-421,"Units 57 (excluding Sugarite Canyon State Park), 58",ES,5,18,20,4,42,18,20,4,42,0,0,0,0,0,0,0,0,5,0,0,5,100,0,0,100,4,1,0,0,5,0,0,0,0,0,0,0,0,0,0
ELK-2-425,Unit 54: Colin Neblett WMA only,ES,10,3,8,12,23,3,8,12,23,0,0,0,0,0,0,0,0,10,0,0,10,100,0,0,100,3,2,5,0,10,0,0,0,0,0,0,0,0,0,0
ELK-2-426,Unit 54: Colin Neblett WMA only,ES,10,10,2,18,30,10,2,18,30,0,0,0,0,0,0,0,0,10,0,0,10,100,0,0,100,7,0,3,0,10,0,0,0,0,0,0,0,0,0,0
ELK-2-431,Unit 55A: ES Barker WMA only,ES,5,8,3,4,15,8,3,4,15,0,0,0,0,0,0,0,0,5,0,0,5,100,0,0,100,4,0,1,0,5,0,0,0,0,0,0,0,0,0,0
ELK-2-432,Unit 55A: ES Barker WMA only,ES,5,21,14,8,43,21,14,8,43,0,0,0,0,0,0,0,0,5,0,0,5,100,0,0,100,3,2,0,0,5,0,0,0,0,0,0,0,0,0,0
ELK-2-434,Unit 55A: Urraca WMA only,ES,5,10,5,3,18,10,5,3,18,0,0,0,0,0,0,0,0,5,0,0,5,100,0,0,100,4,0,1,0,5,0,0,0,0,0,0,0,0,0,0
ELK-2-435,Unit 55A: Urraca WMA only,ES,5,12,8,9,29,12,8,9,29,0,0,0,0,0,0,0,0,5,0,0,5,100,0,0,100,4,1,0,0,5,0,0,0,0,0,0,0,0,0,0
ELK-2-441,Unit 55A: Valle Vidal only,ES,25,219,118,82,419,87,45,11,143,88,44,52,184,44,29,19,92,21,2,2,25,84,8,8,100,11,10,0,0,21,1,1,0,0,2,1,1,0,0,2
ELK-2-442,Unit 55A: Valle Vidal only,ES,25,416,179,149,744,187,60,78,325,160,81,53,294,69,38,18,125,21,2,2,25,84,8,8,100,19,2,0,0,21,2,0,0,0,2,2,0,0,0,2
ELK-3-131,Unit 2,MB,135,500,437,516,1453,424,311,314,1049,55,82,94,231,21,44,108,173,114,8,13,135,84.44,5.93,9.63,100,77,22,15,0,114,2,2,4,0,8,3,5,5,0,13
ELK-3-148,Unit 9 Marquez/LBar WMA only,MB,15,70,44,33,147,70,44,33,147,0,0,0,0,0,0,0,0,15,0,0,15,100,0,0,100,11,3,1,0,15,0,0,0,0,0,0,0,0,0,0
ELK-3-149,Unit 9 Marquez/LBar WMA only,MB,15,13,56,24,93,13,56,24,93,0,0,0,0,0,0,0,0,15,0,0,15,100,0,0,100,5,5,5,0,15,0,0,0,0,0,0,0,0,0,0
ELK-3-150,Unit 9 Marquez/LBar WMA only,MB,15,20,13,37,70,20,13,37,70,0,0,0,0,0,0,0,0,15,0,0,15,100,0,0,100,9,1,5,0,15,0,0,0,0,0,0,0,0,0,0
ELK-3-153,"Unit 9, including Water Canyon WMA - mobility impaired only",MB,21,10,1,17,28,10,1,14,25,0,0,3,3,0,0,0,0,20,1,0,21,95.24,4.76,0,100,8,0,12,0,20,0,0,1,0,1,0,0,0,0,0
ELK-3-154,"Unit 9, including Water Canyon WMA",MB,35,27,27,43,97,26,21,35,82,1,6,8,15,0,0,0,0,33,2,0,35,94.29,5.71,0,100,17,5,11,0,33,0,1,1,0,2,0,0,0,0,0
ELK-3-155,"Unit 9, including Water Canyon WMA",MB,35,34,43,33,110,32,35,22,89,2,8,11,21,0,0,0,0,33,2,0,35,94.29,5.71,0,100,20,10,3,0,33,0,0,2,0,2,0,0,0,0,0
ELK-3-156,"Unit 9, including Water Canyon WMA",MB,21,6,13,66,85,5,9,51,65,1,4,15,20,0,0,0,0,20,1,0,21,95.24,4.76,0,100,2,5,13,0,20,0,0,1,0,1,0,0,0,0,0
ELK-3-159,Unit 10,MB,70,202,200,239,641,139,169,180,488,32,22,28,82,31,9,31,71,59,4,7,70,84.29,5.71,10,100,40,12,7,0,59,4,0,0,0,4,5,0,2,0,7
ELK-3-201,Unit 51,ES,145,143,174,342,659,96,139,231,466,36,31,85,152,11,4,26,41,122,9,14,145,84.14,6.21,9.65,100,42,28,52,0,122,3,3,3,0,9,7,1,6,0,14
ELK-3-204,Unit 52 mobility impaired only,MB,50,28,12,38,78,25,11,31,67,2,1,4,7,1,0,3,4,44,3,3,50,88,6,6,100,22,6,16,0,44,1,0,2,0,3,1,0,2,0,3
ELK-3-205,Unit 52,MB,120,424,354,404,1182,268,208,222,698,109,101,127,337,47,45,55,147,101,7,12,120,84.17,5.83,10,100,55,24,22,0,101,2,2,3,0,7,8,1,3,0,12
ELK-3-206,Unit 52,A,50,80,98,89,267,80,98,89,267,0,0,0,0,0,0,0,0,50,0,0,50,100,0,0,100,30,15,5,0,50,0,0,0,0,0,0,0,0,0,0
ELK-3-215,Unit 6A,MB,104,653,498,427,1578,473,343,306,1122,111,95,85,291,69,60,36,165,88,6,10,104,84.62,5.77,9.61,100,67,21,0,0,88,6,0,0,0,6,6,4,0,0,10
ELK-3-223,Unit 6B,ES,15,868,389,282,1539,504,249,163,916,252,96,77,425,112,44,42,198,13,1,1,15,86.67,6.67,6.66,100,13,0,0,0,13,1,0,0,0,1,0,1,0,0,1
ELK-3-224,Unit 6B,A,20,89,62,46,197,88,62,46,196,0,0,0,0,1,0,0,1,19,0,1,20,95,0,5,100,14,1,4,0,19,0,0,0,0,0,1,0,0,0,1
ELK-3-236,Unit 6C,MB,155,330,451,464,1245,238,318,276,832,65,90,124,279,27,43,64,134,131,9,15,155,84.52,5.81,9.67,100,71,38,22,0,131,5,3,1,0,9,2,2,11,0,15
ELK-3-243,Unit 7,MB,24,31,53,75,159,28,36,48,112,2,14,17,33,1,3,10,14,21,1,2,24,87.5,4.17,8.33,100,8,5,8,0,21,0,1,0,0,1,0,2,0,0,2
ELK-3-258,Unit 13 youth only,ES,30,153,167,151,471,114,97,80,291,15,36,29,80,24,34,42,100,26,1,3,30,86.67,3.33,10,100,15,4,7,0,26,0,1,0,0,1,0,1,2,0,3
ELK-3-259,Unit 13,MB,86,528,461,419,1408,333,280,236,849,80,100,120,300,115,81,63,259,73,5,8,86,84.88,5.81,9.31,100,52,16,5,0,73,3,0,2,0,5,7,0,1,0,8
ELK-3-260,Unit 13,MB,126,135,385,303,823,78,240,156,474,35,69,69,173,22,76,78,176,106,7,13,126,84.13,5.56,10.31,100,35,46,25,0,106,2,3,2,0,7,3,4,6,0,13
ELK-3-261,Unit 13,MB,126,128,209,418,755,76,105,231,412,28,63,82,173,24,41,105,170,106,7,13,126,84.13,5.56,10.31,100,43,26,37,0,106,2,3,2,0,7,5,2,6,0,13
ELK-3-262,Unit 13,A,117,115,109,170,394,115,109,170,394,0,0,0,0,0,0,0,0,117,0,0,117,100,0,0,100,51,34,32,0,117,0,0,0,0,0,0,0,0,0,0
ELK-3-263,Unit 13,A,116,32,113,133,278,32,113,133,278,0,0,0,0,0,0,0,0,116,0,0,116,100,0,0,100,30,45,41,0,116,0,0,0,0,0,0,0,0,0,0
ELK-3-266,Unit 15 youth only,ES,25,411,303,187,901,273,160,102,535,78,64,56,198,60,79,29,168,21,2,2,25,84,8,8,100,18,2,1,0,21,2,0,0,0,2,1,1,0,0,2
ELK-3-267,Unit 15,MB,200,1945,1174,1196,4315,1300,651,732,2683,485,323,297,1105,160,200,167,527,168,12,20,200,84,6,10,100,147,13,8,0,168,8,2,2,0,12,8,9,3,0,20
ELK-3-268,Unit 15,MB,245,364,1173,642,2179,226,742,322,1290,99,276,174,549,39,155,146,340,206,15,24,245,84.08,6.12,9.8,100,65,101,40,0,206,4,10,1,0,15,3,12,9,0,24
ELK-3-269,Unit 15,MB,250,242,373,894,1509,136,199,504,839,67,112,229,408,39,62,161,262,210,15,25,250,84,6,10,100,53,54,103,0,210,5,3,7,0,15,8,8,9,0,25
ELK-3-270,Unit 15,A,250,419,359,476,1254,419,359,476,1254,0,0,0,0,0,0,0,0,250,0,0,250,100,0,0,100,145,48,57,0,250,0,0,0,0,0,0,0,0,0,0
ELK-3-271,Unit 15,A,250,75,340,377,792,75,340,377,792,0,0,0,0,0,0,0,0,250,0,0,250,100,0,0,100,41,105,104,0,250,0,0,0,0,0,0,0,0,0,0
ELK-3-301,Unit 16E,MB,70,86,149,180,415,38,71,107,216,36,67,37,140,12,11,36,59,59,4,7,70,84.29,5.71,10,100,20,24,15,0,59,0,3,1,0,4,4,2,1,0,7
ELK-3-307,Unit 17 youth only,ES,25,81,128,196,405,57,76,99,232,16,29,51,96,8,23,46,77,21,2,2,25,84,8,8,100,13,6,2,0,21,0,1,1,0,2,1,1,0,0,2
ELK-3-308,Unit 17,MB,100,345,448,427,1220,216,278,240,734,80,107,114,301,49,63,73,185,84,6,10,100,84,6,10,100,45,27,12,0,84,1,2,3,0,6,4,4,2,0,10
ELK-3-309,Unit 17,MB,100,102,262,321,685,51,145,170,366,45,66,101,212,6,51,50,107,84,6,10,100,84,6,10,100,30,27,27,0,84,1,4,1,0,6,2,4,4,0,10
ELK-3-310,Unit 17,MB,25,154,116,195,465,40,46,102,188,74,47,53,174,40,23,40,103,21,2,2,25,84,8,8,100,16,5,0,0,21,1,1,0,0,2,1,1,0,0,2
ELK-3-311,Unit 17,A,25,30,40,49,119,30,40,49,119,0,0,0,0,0,0,0,0,25,0,0,25,100,0,0,100,12,10,3,0,25,0,0,0,0,0,0,0,0,0,0
ELK-3-312,Unit 17,A,100,34,78,111,223,34,78,111,223,0,0,0,0,0,0,0,0,100,0,0,100,100,0,0,100,25,37,38,0,100,0,0,0,0,0,0,0,0,0,0
ELK-3-313,Unit 17,A,100,13,51,155,219,13,51,155,219,0,0,0,0,0,0,0,0,99,0,1,100,99,0,1,100,13,21,60,5,99,0,0,0,0,0,0,0,0,1,1
ELK-3-334,Unit 23,MB,75,86,137,206,429,38,69,123,230,42,48,61,151,6,20,22,48,63,5,7,75,84,6.67,9.33,100,20,17,26,0,63,3,2,0,0,5,2,5,0,0,7
ELK-3-341,Unit 24: excluding Ft. Bayard management area,MB,15,11,25,42,78,8,23,35,66,3,1,3,7,0,1,4,5,13,1,1,15,86.67,6.67,6.66,100,4,1,8,0,13,0,0,1,0,1,0,1,0,0,1
ELK-3-350,Unit 34,ES,250,1478,1311,1166,3955,1009,767,689,2465,289,382,270,941,180,162,207,549,210,15,25,250,84,6,10,100,144,49,17,0,210,8,5,2,0,15,15,6,4,0,25
ELK-3-360,Unit 36,ES,140,850,755,711,2316,471,397,380,1248,208,207,197,612,171,151,134,456,118,8,14,140,84.29,5.71,10,100,84,21,13,0,118,3,5,0,0,8,6,3,5,0,14
ELK-3-368,Unit 45,MB,136,176,209,278,663,107,148,175,430,51,49,82,182,18,12,21,51,115,8,13,136,84.56,5.88,9.56,100,56,25,34,0,115,3,4,1,0,8,10,0,3,0,13
ELK-3-371,Unit 45,A,49,55,51,69,175,54,51,66,171,0,0,0,0,1,0,3,4,48,0,1,49,97.96,0,2.04,100,28,12,8,0,48,0,0,0,0,0,1,0,0,0,1
ELK-3-374,Unit 48,MB,60,86,72,102,260,62,50,72,184,23,16,22,61,1,6,8,15,51,3,6,60,85,5,10,100,34,6,11,0,51,3,0,0,0,3,1,2,3,0,6
ELK-3-387,Unit 53: excluding Cerro portion,ES,50,55,54,81,190,35,33,45,113,18,21,33,72,2,0,3,5,42,3,5,50,84,6,10,100,19,11,12,0,42,3,0,0,0,3,2,0,3,0,5
ELK-3-427,Unit 54: Colin Neblett WMA only,MB,20,6,17,21,44,6,17,21,44,0,0,0,0,0,0,0,0,20,0,0,20,100,0,0,100,3,12,5,0,20,0,0,0,0,0,0,0,0,0,0
ELK-3-436,Unit 55A: Urraca WMA only,MB,10,10,14,10,34,10,14,10,34,0,0,0,0,0,0,0,0,10,0,0,10,100,0,0,100,6,3,1,0,10,0,0,0,0,0,0,0,0,0,0
ELK-3-443,Unit 55A: Valle Vidal only,MB,20,369,158,104,631,200,58,39,297,139,75,44,258,30,25,21,76,17,1,2,20,85,5,10,100,15,2,0,0,17,1,0,0,0,1,1,0,1,0,2
